"Path","LineNumber","Line"
"D:\P2GC_Intelligence\MILES_ENTERPRISE\SERVICES\ActionEngineService.js","120","                this.queue.markBlocked(item.id, {"
"D:\P2GC_Intelligence\MILES_ENTERPRISE\SERVICES\AutonomousCOOLoopService.backup.js","74","    const workCreated = this.createWork(mission);"
"D:\P2GC_Intelligence\MILES_ENTERPRISE\SERVICES\AutonomousCOOLoopService.backup.js","391","  createWork(mission) {"
"D:\P2GC_Intelligence\MILES_ENTERPRISE\SERVICES\AutonomousCOOLoopService.backup.js","396","        this.workQueue.createWorkItem({"
"D:\P2GC_Intelligence\MILES_ENTERPRISE\SERVICES\AutonomousCOOLoopService.js","577","            ""Improves operations based on live provider findings."","
"D:\P2GC_Intelligence\MILES_ENTERPRISE\SERVICES\AutonomousCOOLoopService.js","335","          ? [""Review CEO approval queue and resolve blocked decisions.""]"
"D:\P2GC_Intelligence\MILES_ENTERPRISE\SERVICES\AutonomousCOOLoopService.js","963","        dispatchBlocked: true,"
"D:\P2GC_Intelligence\MILES_ENTERPRISE\SERVICES\AutonomousCOOLoopService.js","1020","      ceoProtectedBlocked:"
"D:\P2GC_Intelligence\MILES_ENTERPRISE\SERVICES\AutonomousCOOLoopService.js","1557","        blocked: 0,"
"D:\P2GC_Intelligence\MILES_ENTERPRISE\SERVICES\AutonomousCOOLoopService.js","916","        this.workQueue.createWorkItem({"
"D:\P2GC_Intelligence\MILES_ENTERPRISE\SERVICES\AutonomousCOOLoopService.js","968","      this.workQueue.createWorkItem({"
"D:\P2GC_Intelligence\MILES_ENTERPRISE\SERVICES\AutonomousCOOLoopService.js","1033","        this.workQueue.createWorkItem({"
"D:\P2GC_Intelligence\MILES_ENTERPRISE\SERVICES\AutonomousCOOLoopService.js","1058","        this.workQueue.createWorkItem({"
"D:\P2GC_Intelligence\MILES_ENTERPRISE\SERVICES\AutonomousCOOLoopService.js","1080","        this.workQueue.createWorkItem({"
"D:\P2GC_Intelligence\MILES_ENTERPRISE\SERVICES\AutonomousCOOLoopService.js","1228","          `[D015] Calling WorkflowService.createWorkflow(""${objective}"")`"
"D:\P2GC_Intelligence\MILES_ENTERPRISE\SERVICES\AutonomousCOOLoopService.js","1232","          this.workflowService.createWorkflow(objective, context);"
"D:\P2GC_Intelligence\MILES_ENTERPRISE\SERVICES\BusinessExecutionEngineService.js","224","      blockedSteps: 0,"
"D:\P2GC_Intelligence\MILES_ENTERPRISE\SERVICES\BusinessExecutionEngineService.js","264","        ""BLOCKED"""
"D:\P2GC_Intelligence\MILES_ENTERPRISE\SERVICES\BusinessExecutionEngineService.js","266","        record.blockedSteps += 1;"
"D:\P2GC_Intelligence\MILES_ENTERPRISE\SERVICES\BusinessOperationsBridgeService.js","454","      throw new Error(""TaskQueue.add(type, payload, priority) unavailable"");"
"D:\P2GC_Intelligence\MILES_ENTERPRISE\SERVICES\BusinessOperationsBridgeService.js","457","    return this.taskQueue.add(task.type, task.payload, task.priority);"
"D:\P2GC_Intelligence\MILES_ENTERPRISE\SERVICES\CompanyStateService.js","177","                open: countQueue(workQueue, item => [""Pending"", ""Queued"", ""In Progress"", ""Blocked"", ""Awaiting Approval""].includes(item.status)),"
"D:\P2GC_Intelligence\MILES_ENTERPRISE\SERVICES\CompanyStateService.js","181","                blocked: countQueue(workQueue, item => item.status === ""Blocked""),"
"D:\P2GC_Intelligence\MILES_ENTERPRISE\SERVICES\CompanyStateService.js","263","        if (operations.workQueue.blocked > 0) {"
"D:\P2GC_Intelligence\MILES_ENTERPRISE\SERVICES\CompanyStateService.js","267","                message: `${operations.workQueue.blocked} blocked work item(s).`,"
"D:\P2GC_Intelligence\MILES_ENTERPRISE\SERVICES\CompanyStateService.js","296","        if (operations.workQueue.blocked > 0) {"
"D:\P2GC_Intelligence\MILES_ENTERPRISE\SERVICES\CompanyStateService.js","300","                title: ""Clear blocked work items"","
"D:\P2GC_Intelligence\MILES_ENTERPRISE\SERVICES\CompanyStateService.js","301","                reason: ""Blocked items reduce autonomy."""
"D:\P2GC_Intelligence\MILES_ENTERPRISE\SERVICES\CompanyStateService.js","388","Blocked: ${state.operations.workQueue.blocked}  "
"D:\P2GC_Intelligence\MILES_ENTERPRISE\SERVICES\ConfidenceScoringService.js","17","        if ((failureLearning.blockedWorkItems || 0) > 0) { score -= 5; reasons.push(""Blocked work exists.""); }"
"D:\P2GC_Intelligence\MILES_ENTERPRISE\SERVICES\ControlledWritePolicyService.js","42","      blockedOperations: ["
"D:\P2GC_Intelligence\MILES_ENTERPRISE\SERVICES\ControlledWritePolicyService.js","88","    if (providerPolicy.blockedOperations.includes(operation)) {"
"D:\P2GC_Intelligence\MILES_ENTERPRISE\SERVICES\ControlledWritePolicyService.js","89","      return { ok: true, allowed: false, status: ""BLOCKED_OPERATION"", reason: `${operation} is blocked by controlled-write policy.`, policy };"
"D:\P2GC_Intelligence\MILES_ENTERPRISE\SERVICES\COOOrchestratorService.js","161","          this.workflowService.createWorkflow(objective, context);"
"D:\P2GC_Intelligence\MILES_ENTERPRISE\SERVICES\COO_V11_RealWorldAgent.js","36","      return this._logBlocked(""EMAIL_BLOCKED"", { to, subject });"
"D:\P2GC_Intelligence\MILES_ENTERPRISE\SERVICES\COO_V11_RealWorldAgent.js","70","      return this._logBlocked(""INSTANTLY_BLOCKED"", { campaignId, lead });"
"D:\P2GC_Intelligence\MILES_ENTERPRISE\SERVICES\COO_V11_RealWorldAgent.js","102","      return this._logBlocked(""CRM_BLOCKED"", { id, stage });"
"D:\P2GC_Intelligence\MILES_ENTERPRISE\SERVICES\COO_V11_RealWorldAgent.js","145","        return this._logBlocked(""UNKNOWN_ACTION"", action);"
"D:\P2GC_Intelligence\MILES_ENTERPRISE\SERVICES\COO_V11_RealWorldAgent.js","183","  _logBlocked(type, data) {"
"D:\P2GC_Intelligence\MILES_ENTERPRISE\SERVICES\COO_V11_RealWorldAgent.js","185","    return this._log(""blocked"", type, data);"
"D:\P2GC_Intelligence\MILES_ENTERPRISE\SERVICES\DashboardDataService.js","288","        ""blocked"","
"D:\P2GC_Intelligence\MILES_ENTERPRISE\SERVICES\DashboardDataService.js","579","        const blocked ="
"D:\P2GC_Intelligence\MILES_ENTERPRISE\SERVICES\DashboardDataService.js","582","                ""blocked"""
"D:\P2GC_Intelligence\MILES_ENTERPRISE\SERVICES\DashboardDataService.js","1019","                blocked,"
"D:\P2GC_Intelligence\MILES_ENTERPRISE\SERVICES\DashboardDataService.js","1684","                blocked:"
"D:\P2GC_Intelligence\MILES_ENTERPRISE\SERVICES\DashboardDataService.js","1685","                    blocked.length,"
"D:\P2GC_Intelligence\MILES_ENTERPRISE\SERVICES\DashboardDataService.js","1763","                blockedItems:"
"D:\P2GC_Intelligence\MILES_ENTERPRISE\SERVICES\DashboardDataService.js","1765","                        blocked,"
"D:\P2GC_Intelligence\MILES_ENTERPRISE\SERVICES\DashboardDataService.js","2117","            context.blocked.length > 0"
"D:\P2GC_Intelligence\MILES_ENTERPRISE\SERVICES\DashboardDataService.js","2124","                ""Blocked work items"","
"D:\P2GC_Intelligence\MILES_ENTERPRISE\SERVICES\DashboardDataService.js","2126","                `${context.blocked.length} work item(s) are blocked.`,"
"D:\P2GC_Intelligence\MILES_ENTERPRISE\SERVICES\DashboardDataService.js","2298","                `Work created: ${"
"D:\P2GC_Intelligence\MILES_ENTERPRISE\SERVICES\EngineeringCOOService.js","73","      recommendation: ""Leave blocked until CEO approval or governance rule update."""
"D:\P2GC_Intelligence\MILES_ENTERPRISE\SERVICES\EngineeringImprovementService.js","118","    const findings = [];"
"D:\P2GC_Intelligence\MILES_ENTERPRISE\SERVICES\EngineeringImprovementService.js","133","      findings.push({"
"D:\P2GC_Intelligence\MILES_ENTERPRISE\SERVICES\EngineeringImprovementService.js","146","      findings.push({"
"D:\P2GC_Intelligence\MILES_ENTERPRISE\SERVICES\EngineeringImprovementService.js","159","      findings.push({"
"D:\P2GC_Intelligence\MILES_ENTERPRISE\SERVICES\EngineeringImprovementService.js","172","      findings.push({"
"D:\P2GC_Intelligence\MILES_ENTERPRISE\SERVICES\EngineeringImprovementService.js","190","      findings,"
"D:\P2GC_Intelligence\MILES_ENTERPRISE\SERVICES\EngineeringImprovementService.js","231","    const recommendations = analysis.findings.map((finding) => ({"
"D:\P2GC_Intelligence\MILES_ENTERPRISE\SERVICES\EngineeringImprovementService.js","421","        analysis.findings.length"
"D:\P2GC_Intelligence\MILES_ENTERPRISE\SERVICES\EngineeringImprovementService.js","422","          ? ""One or more engineering issues remain. See findings for evidence and recommended fixes."""
"D:\P2GC_Intelligence\MILES_ENTERPRISE\SERVICES\EngineeringImprovementService.js","424","      findings: analysis.findings,"
"D:\P2GC_Intelligence\MILES_ENTERPRISE\SERVICES\EngineeringPlannerService.js","37","    const findings = [];"
"D:\P2GC_Intelligence\MILES_ENTERPRISE\SERVICES\EngineeringPlannerService.js","42","        findings.push({"
"D:\P2GC_Intelligence\MILES_ENTERPRISE\SERVICES\EngineeringPlannerService.js","53","      findings.push({"
"D:\P2GC_Intelligence\MILES_ENTERPRISE\SERVICES\EngineeringPlannerService.js","64","    for (const finding of findings) {"
"D:\P2GC_Intelligence\MILES_ENTERPRISE\SERVICES\EngineeringPlannerService.js","74","      findings,"
"D:\P2GC_Intelligence\MILES_ENTERPRISE\SERVICES\EngineeringPlannerService.js","77","        findings: findings.length,"
"D:\P2GC_Intelligence\MILES_ENTERPRISE\SERVICES\EngineeringPlannerService.js","117","        blockedActions: ["
"D:\P2GC_Intelligence\MILES_ENTERPRISE\SERVICES\EngineeringPlannerService.js","153","        blockedActions: ["
"D:\P2GC_Intelligence\MILES_ENTERPRISE\SERVICES\EngineeringPlannerService.js","186","        blockedActions: ["
"D:\P2GC_Intelligence\MILES_ENTERPRISE\SERVICES\EngineeringPlannerService.js","213","      blockedActions: ["
"D:\P2GC_Intelligence\MILES_ENTERPRISE\SERVICES\ExecutionDispatcherService.js","38","            audit.record({ event: ""TASK_EXECUTION_BLOCKED"", record });"
"D:\P2GC_Intelligence\MILES_ENTERPRISE\SERVICES\ExecutionPlannerService.js","42","        const openItems = items.filter(i => [""Queued"", ""Pending"", ""Blocked"", ""Awaiting Approval""].includes(i.status));"
"D:\P2GC_Intelligence\MILES_ENTERPRISE\SERVICES\ExecutionService.js","486","      const blockedStatus ="
"D:\P2GC_Intelligence\MILES_ENTERPRISE\SERVICES\ExecutionService.js","490","          : ""BLOCKED"";"
"D:\P2GC_Intelligence\MILES_ENTERPRISE\SERVICES\ExecutionService.js","495","          status: blockedStatus,"
"D:\P2GC_Intelligence\MILES_ENTERPRISE\SERVICES\ExecutionService.js","504","        blockedStatus ==="
"D:\P2GC_Intelligence\MILES_ENTERPRISE\SERVICES\ExecutionService.js","507","          : ""TASK_GOVERNANCE_BLOCKED"","
"D:\P2GC_Intelligence\MILES_ENTERPRISE\SERVICES\ExecutionService.js","515","      const blockedResult = {"
"D:\P2GC_Intelligence\MILES_ENTERPRISE\SERVICES\ExecutionService.js","517","        status: blockedStatus,"
"D:\P2GC_Intelligence\MILES_ENTERPRISE\SERVICES\ExecutionService.js","526","        blockedResult"
"D:\P2GC_Intelligence\MILES_ENTERPRISE\SERVICES\ExecutionService.js","529","      return blockedResult;"
"D:\P2GC_Intelligence\MILES_ENTERPRISE\SERVICES\ExecutiveBrainService.js","88","        const workItem = this.createWorkItem(objective, plan, decision, context);"
"D:\P2GC_Intelligence\MILES_ENTERPRISE\SERVICES\ExecutiveBrainService.js","119","    createWorkItem(objective, plan, decision, context) {"
"D:\P2GC_Intelligence\MILES_ENTERPRISE\SERVICES\ExecutiveBrainService.js","127","        return this.queue.createWorkItem({"
"D:\P2GC_Intelligence\MILES_ENTERPRISE\SERVICES\ExecutiveBriefService.js","1123","        ""- No autonomous work is currently required."""
"D:\P2GC_Intelligence\MILES_ENTERPRISE\SERVICES\ExecutiveDashboardService.js","89","                blocked: state.workQueue.blocked,"
"D:\P2GC_Intelligence\MILES_ENTERPRISE\SERVICES\ExecutiveDashboardService.js","133","Blocked: ${state.workQueue.blocked}  "
"D:\P2GC_Intelligence\MILES_ENTERPRISE\SERVICES\FailureLearningService.js","14","        const blocked = active.filter(item => item.status === ""Blocked"");"
"D:\P2GC_Intelligence\MILES_ENTERPRISE\SERVICES\FailureLearningService.js","18","        for (const item of failed.concat(blocked)) {"
"D:\P2GC_Intelligence\MILES_ENTERPRISE\SERVICES\FailureLearningService.js","28","            blockedWorkItems: blocked.length,"
"D:\P2GC_Intelligence\MILES_ENTERPRISE\SERVICES\FailureLearningService.js","31","            insight: this.insight(failed.length, blocked.length, runtimeFailures.length)"
"D:\P2GC_Intelligence\MILES_ENTERPRISE\SERVICES\FailureLearningService.js","45","    insight(failed, blocked, runtimeFailures) {"
"D:\P2GC_Intelligence\MILES_ENTERPRISE\SERVICES\FailureLearningService.js","46","        if (!failed && !blocked && !runtimeFailures) return ""No material failure pattern detected."";"
"D:\P2GC_Intelligence\MILES_ENTERPRISE\SERVICES\FailureLearningService.js","48","        if (blocked) return ""Blocked items need routing or capability map improvement."";"
"D:\P2GC_Intelligence\MILES_ENTERPRISE\SERVICES\PlannerService.js","24","  if (/urgent|critical|today|deadline|due|broken|failed|failure|down|paused|bounce|blocked/.test(text)) {"
"D:\P2GC_Intelligence\MILES_ENTERPRISE\SERVICES\PriorityOptimizationService.js","10","        const open = (data.queue.current || []).filter(item => [""Pending"", ""Queued"", ""In Progress"", ""Blocked"", ""Awaiting Approval""].includes(item.status));"
"D:\P2GC_Intelligence\MILES_ENTERPRISE\SERVICES\PriorityOptimizationService.js","20","            if (priority <= 2 || item.status === ""Blocked"" || item.status === ""Awaiting Approval"") urgent.push(item);"
"D:\P2GC_Intelligence\MILES_ENTERPRISE\SERVICES\ProviderRouterService.js","602","            : ""GOVERNANCE_BLOCKED"","
"D:\P2GC_Intelligence\MILES_ENTERPRISE\SERVICES\ProviderRouterService.js","166","      providerInstancesCreated: 0,"
"D:\P2GC_Intelligence\MILES_ENTERPRISE\SERVICES\RecommendationEngineService.js","14","        this.add(recommendations, learning.failure.blockedWorkItems > 0, ""Operations"", ""Clear blocked work items or improve capability execution map."", ""HIGH"");"
"D:\P2GC_Intelligence\MILES_ENTERPRISE\SERVICES\RecommendationEngineService.js","17","        this.add(recommendations, learning.priority.urgentOpenWork > 5, ""Priority"", ""Prioritize approval queue, blocked items, and P1/P2 work next cycle."", ""HIGH"");"
"D:\P2GC_Intelligence\MILES_ENTERPRISE\SERVICES\RepositoryRegistryService.js","344","            duplicates: this.findDuplicates(componentOnly),"
"D:\P2GC_Intelligence\MILES_ENTERPRISE\SERVICES\RepositoryRegistryService.js","410","    findDuplicates(components) {"
"D:\P2GC_Intelligence\MILES_ENTERPRISE\SERVICES\RepositoryRegistryService.js","411","        const duplicates = [];"
"D:\P2GC_Intelligence\MILES_ENTERPRISE\SERVICES\RepositoryRegistryService.js","427","                    duplicates.push({"
"D:\P2GC_Intelligence\MILES_ENTERPRISE\SERVICES\RepositoryRegistryService.js","436","        return duplicates;"
"D:\P2GC_Intelligence\MILES_ENTERPRISE\SERVICES\RepositoryRegistryService.js","465","            duplicateRisks: registry.duplicates.length,"
"D:\P2GC_Intelligence\MILES_ENTERPRISE\SERVICES\RepositoryRegistryService.js","473","        score -= Math.min(20, registry.duplicates.length * 2);"
"D:\P2GC_Intelligence\MILES_ENTERPRISE\SERVICES\RepositoryRegistryService.js","492","                duplicateRisks: registry.duplicates.length,"
"D:\P2GC_Intelligence\MILES_ENTERPRISE\SERVICES\RepositorySearchService.js","235","      containsProposalCreated: /PROPOSAL_CREATED/.test(text),"
"D:\P2GC_Intelligence\MILES_ENTERPRISE\SERVICES\SelfLearningService.js","67","                blockedWorkItems: failure.blockedWorkItems,"
"D:\P2GC_Intelligence\MILES_ENTERPRISE\SERVICES\SelfLearningService.js","99","        return `# MILES Self Learning Report\n\nGenerated: ${state.generatedAt}\n\n## Confidence\n\nStatus: ${state.confidence.status}  \nScore: ${state.confidence.score}\n\n## Summary\n\nDecision Sample Size: ${state.summary.decisionSampleSize}  \nRoute Rate: ${state.summary.routeRate}%  \nFailed Work Items: ${state.summary.failedWorkItems}  \nBlocked Work Items: ${state.summary.blockedWorkItems}  \nOpen Work: ${state.summary.openWork}  \nRecommendations: ${state.summary.recommendations}\n\n## Confidence Reasons\n\n${reasons}\n\n## Recommendations\n\n${recs}\n`;"
"D:\P2GC_Intelligence\MILES_ENTERPRISE\SERVICES\SelfMaintenanceService.js","175","    const findings = [];"
"D:\P2GC_Intelligence\MILES_ENTERPRISE\SERVICES\SelfMaintenanceService.js","179","        findings.push({"
"D:\P2GC_Intelligence\MILES_ENTERPRISE\SERVICES\SelfMaintenanceService.js","190","        findings.push({"
"D:\P2GC_Intelligence\MILES_ENTERPRISE\SERVICES\SelfMaintenanceService.js","200","      findings.push({"
"D:\P2GC_Intelligence\MILES_ENTERPRISE\SERVICES\SelfMaintenanceService.js","209","      findings.push({"
"D:\P2GC_Intelligence\MILES_ENTERPRISE\SERVICES\SelfMaintenanceService.js","221","      status: findings.some((f) => f.severity === ""HIGH"") ? ""DEGRADED"" : ""OK"","
"D:\P2GC_Intelligence\MILES_ENTERPRISE\SERVICES\SelfMaintenanceService.js","226","      findings,"
"D:\P2GC_Intelligence\MILES_ENTERPRISE\SERVICES\SelfMaintenanceService.js","234","    const repairPlan = diagnosis.findings.map((finding, index) => ({"
"D:\P2GC_Intelligence\MILES_ENTERPRISE\SERVICES\SelfMaintenanceService.js","300","        diagnosis.findings.length === 0"
"D:\P2GC_Intelligence\MILES_ENTERPRISE\SERVICES\SelfMaintenanceService.js","302","          : diagnosis.findings[0].recommendedAction,"
"D:\P2GC_Intelligence\MILES_ENTERPRISE\SERVICES\StartProductionSystem.js","1000","        ""[MILES] AUTONOMOUS WORK"","
"D:\P2GC_Intelligence\MILES_ENTERPRISE\SERVICES\StartProductionSystem.js","1026","        ""[MILES] AUTONOMOUS WORK ERROR"""
"D:\P2GC_Intelligence\MILES_ENTERPRISE\SERVICES\StartProductionSystem.js","1188","      `[MILES] Autonomous work loop starting (${WORK_GENERATION_INTERVAL_MS} ms).`"
"D:\P2GC_Intelligence\MILES_ENTERPRISE\SERVICES\StartProductionSystem.js","618","  async executePass() {"
"D:\P2GC_Intelligence\MILES_ENTERPRISE\SERVICES\StartProductionSystem.js","619","    console.log(""[BUILD106] executePass ENTER"");"
"D:\P2GC_Intelligence\MILES_ENTERPRISE\SERVICES\StartProductionSystem.js","1106","    this.executePass()"
"D:\P2GC_Intelligence\MILES_ENTERPRISE\SERVICES\StartProductionSystem.js","1119","          this.executePass()"
"D:\P2GC_Intelligence\MILES_ENTERPRISE\SERVICES\SystemRootGuard.js","11","  console.log(""Fix duplicates before running COO loop"");"
"D:\P2GC_Intelligence\MILES_ENTERPRISE\SERVICES\SystemRootGuard.js","44","  scanForDuplicates(baseDir = this.root) {"
"D:\P2GC_Intelligence\MILES_ENTERPRISE\SERVICES\SystemRootGuard.js","92","    const duplicates = this.scanForDuplicates();"
"D:\P2GC_Intelligence\MILES_ENTERPRISE\SERVICES\SystemRootGuard.js","98","      duplicates,"
"D:\P2GC_Intelligence\MILES_ENTERPRISE\SERVICES\SystemRootGuard.js","100","      status: duplicates.length > 0 || blocked.length > 0 ? ""FRAGMENTED"" : ""CLEAN"""
"D:\P2GC_Intelligence\MILES_ENTERPRISE\SERVICES\SystemRootGuard.js","124","    console.log(""Duplicates:"", map.duplicates.length);"
"D:\P2GC_Intelligence\MILES_ENTERPRISE\SERVICES\SystemRootGuard.js","24","    this.blockedFolders = ["
"D:\P2GC_Intelligence\MILES_ENTERPRISE\SERVICES\SystemRootGuard.js","77","  checkBlockedFolders() {"
"D:\P2GC_Intelligence\MILES_ENTERPRISE\SERVICES\SystemRootGuard.js","80","    for (const folder of this.blockedFolders) {"
"D:\P2GC_Intelligence\MILES_ENTERPRISE\SERVICES\SystemRootGuard.js","93","    const blocked = this.checkBlockedFolders();"
"D:\P2GC_Intelligence\MILES_ENTERPRISE\SERVICES\SystemRootGuard.js","99","      blocked,"
"D:\P2GC_Intelligence\MILES_ENTERPRISE\SERVICES\SystemRootGuard.js","100","      status: duplicates.length > 0 || blocked.length > 0 ? ""FRAGMENTED"" : ""CLEAN"""
"D:\P2GC_Intelligence\MILES_ENTERPRISE\SERVICES\SystemRootGuard.js","125","    console.log(""Blocked folders:"", map.blocked.length);"
"D:\P2GC_Intelligence\MILES_ENTERPRISE\SERVICES\TaskManager.js","6","    return taskQueue.add(type, payload, priority);"
"D:\P2GC_Intelligence\MILES_ENTERPRISE\SERVICES\TaskRouterService.js","138","                const updated = this.queue.markBlocked(item.id, {"
"D:\P2GC_Intelligence\MILES_ENTERPRISE\SERVICES\TaskRouterService.js","148","                    status: updated?.status || ""Blocked"","
"D:\P2GC_Intelligence\MILES_ENTERPRISE\SERVICES\TaskRouterService.js","319","Skipped/Blocked: ${result.summary.skipped}  "
"D:\P2GC_Intelligence\MILES_ENTERPRISE\SERVICES\TaskRouterService.js","331","## Skipped / Blocked"
"D:\P2GC_Intelligence\MILES_ENTERPRISE\SERVICES\WorkflowService.js","54","console.log(""[D012] Task created:"", task);"
"D:\P2GC_Intelligence\MILES_ENTERPRISE\SERVICES\WorkflowService.js","20","  createWorkflow(objective, context = {}) {"
"D:\P2GC_Intelligence\MILES_ENTERPRISE\SERVICES\WorkflowService.js","21","    console.log(""[D012] createWorkflow:"", objective);"
"D:\P2GC_Intelligence\MILES_ENTERPRISE\SERVICES\WorkforceExecutionService.js","577","        const blocked = {"
"D:\P2GC_Intelligence\MILES_ENTERPRISE\SERVICES\WorkforceExecutionService.js","586","                : ""GOVERNANCE_BLOCKED"","
"D:\P2GC_Intelligence\MILES_ENTERPRISE\SERVICES\WorkforceExecutionService.js","594","              : ""GOVERNANCE_BLOCKED"","
"D:\P2GC_Intelligence\MILES_ENTERPRISE\SERVICES\WorkforceExecutionService.js","601","          blocked"
"D:\P2GC_Intelligence\MILES_ENTERPRISE\SERVICES\WorkforceExecutionService.js","604","        return blocked;"
"D:\P2GC_Intelligence\MILES_ENTERPRISE\SERVICES\WorkQueueService.js","931","        const duplicates = [];"
"D:\P2GC_Intelligence\MILES_ENTERPRISE\SERVICES\WorkQueueService.js","939","                    duplicates.push(item);"
"D:\P2GC_Intelligence\MILES_ENTERPRISE\SERVICES\WorkQueueService.js","949","        if (duplicates.length) {"
"D:\P2GC_Intelligence\MILES_ENTERPRISE\SERVICES\WorkQueueService.js","952","            for (const duplicate of duplicates) {"
"D:\P2GC_Intelligence\MILES_ENTERPRISE\SERVICES\WorkQueueService.js","969","                (this.metadata.archivedCount || 0) + duplicates.length;"
"D:\P2GC_Intelligence\MILES_ENTERPRISE\SERVICES\WorkQueueService.js","975","                `[WorkQueueService] Archived ${duplicates.length} duplicate open work item(s).`"
"D:\P2GC_Intelligence\MILES_ENTERPRISE\SERVICES\WorkQueueService.js","10","    ""Blocked"","
"D:\P2GC_Intelligence\MILES_ENTERPRISE\SERVICES\WorkQueueService.js","748","                [""Pending"", ""Blocked"", ""Awaiting Approval""].includes(item.status)"
"D:\P2GC_Intelligence\MILES_ENTERPRISE\SERVICES\WorkQueueService.js","777","            blocked: this.queue.filter(item => item.status === ""Blocked"").length,"
"D:\P2GC_Intelligence\MILES_ENTERPRISE\SERVICES\WorkQueueService.js","823","    markBlocked(id, metadata = {}) {"
"D:\P2GC_Intelligence\MILES_ENTERPRISE\SERVICES\WorkQueueService.js","826","            ""Blocked"","
"D:\P2GC_Intelligence\MILES_ENTERPRISE\SERVICES\WorkQueueService.js","828","            ""Work item blocked."""
"D:\P2GC_Intelligence\MILES_ENTERPRISE\SERVICES\WorkQueueService.js","132","                        `[WorkQueueService] ${label} was unreadable. Backup created: ${backupPath}`"
"D:\P2GC_Intelligence\MILES_ENTERPRISE\SERVICES\WorkQueueService.js","494","    createWorkItem(input) {"
"D:\P2GC_Intelligence\MILES_ENTERPRISE\SERVICES\WorkQueueService.js","588","                    source: ""createWorkItem"","
"D:\P2GC_Intelligence\MILES_ENTERPRISE\SERVICES\WorkQueueService.js","617","                this.createWorkItem({"
"D:\P2GC_Intelligence\MILES_ENTERPRISE\SERVICES\WorkQueueService.js","663","                    this.createWorkItem({"
"D:\P2GC_Intelligence\MILES_ENTERPRISE\SERVICES\WorkQueueService.js","687","                    this.createWorkItem({"
"D:\P2GC_Intelligence\MILES_ENTERPRISE\SERVICES\InstantlyCampaignInventoryService.js","137","                timestampCreated: detail.timestamp_created || null,"
"D:\P2GC_Intelligence\MILES_ENTERPRISE\SERVICES\InstantlyCampaignInventoryService.js","135","                stopOnAutoReply: !!detail.stop_on_auto_reply,"
"D:\P2GC_Intelligence\MILES_ENTERPRISE\SERVICES\InstantlyExecutiveAdvisor.js","191","                created:"
"D:\P2GC_Intelligence\MILES_ENTERPRISE\SERVICES\BusinessOperationsBridgeService.backup_20260710_172805.js","263","      throw new Error(""TaskQueue.add(type, payload, priority) unavailable"");"
"D:\P2GC_Intelligence\MILES_ENTERPRISE\SERVICES\BusinessOperationsBridgeService.backup_20260710_172805.js","266","    return this.taskQueue.add(task.type, task.payload, task.priority);"
"D:\P2GC_Intelligence\MILES_ENTERPRISE\SERVICES\WorkQueueService.Build033Backup_20260713_114526.js","859","        const duplicates = [];"
"D:\P2GC_Intelligence\MILES_ENTERPRISE\SERVICES\WorkQueueService.Build033Backup_20260713_114526.js","867","                    duplicates.push(item);"
"D:\P2GC_Intelligence\MILES_ENTERPRISE\SERVICES\WorkQueueService.Build033Backup_20260713_114526.js","877","        if (duplicates.length) {"
"D:\P2GC_Intelligence\MILES_ENTERPRISE\SERVICES\WorkQueueService.Build033Backup_20260713_114526.js","880","            for (const duplicate of duplicates) {"
"D:\P2GC_Intelligence\MILES_ENTERPRISE\SERVICES\WorkQueueService.Build033Backup_20260713_114526.js","897","                (this.metadata.archivedCount || 0) + duplicates.length;"
"D:\P2GC_Intelligence\MILES_ENTERPRISE\SERVICES\WorkQueueService.Build033Backup_20260713_114526.js","903","                `[WorkQueueService] Archived ${duplicates.length} duplicate open work item(s).`"
"D:\P2GC_Intelligence\MILES_ENTERPRISE\SERVICES\WorkQueueService.Build033Backup_20260713_114526.js","10","    ""Blocked"","
"D:\P2GC_Intelligence\MILES_ENTERPRISE\SERVICES\WorkQueueService.Build033Backup_20260713_114526.js","675","                [""Pending"", ""Blocked"", ""Awaiting Approval""].includes(item.status)"
"D:\P2GC_Intelligence\MILES_ENTERPRISE\SERVICES\WorkQueueService.Build033Backup_20260713_114526.js","704","            blocked: this.queue.filter(item => item.status === ""Blocked"").length,"
"D:\P2GC_Intelligence\MILES_ENTERPRISE\SERVICES\WorkQueueService.Build033Backup_20260713_114526.js","750","    markBlocked(id, metadata = {}) {"
"D:\P2GC_Intelligence\MILES_ENTERPRISE\SERVICES\WorkQueueService.Build033Backup_20260713_114526.js","753","            ""Blocked"","
"D:\P2GC_Intelligence\MILES_ENTERPRISE\SERVICES\WorkQueueService.Build033Backup_20260713_114526.js","755","            ""Work item blocked."""
"D:\P2GC_Intelligence\MILES_ENTERPRISE\SERVICES\WorkQueueService.Build033Backup_20260713_114526.js","132","                        `[WorkQueueService] ${label} was unreadable. Backup created: ${backupPath}`"
"D:\P2GC_Intelligence\MILES_ENTERPRISE\SERVICES\WorkQueueService.Build033Backup_20260713_114526.js","433","    createWorkItem(input) {"
"D:\P2GC_Intelligence\MILES_ENTERPRISE\SERVICES\WorkQueueService.Build033Backup_20260713_114526.js","514","                    source: ""createWorkItem"","
"D:\P2GC_Intelligence\MILES_ENTERPRISE\SERVICES\WorkQueueService.Build033Backup_20260713_114526.js","544","                this.createWorkItem({"
"D:\P2GC_Intelligence\MILES_ENTERPRISE\SERVICES\WorkQueueService.Build033Backup_20260713_114526.js","590","                    this.createWorkItem({"
"D:\P2GC_Intelligence\MILES_ENTERPRISE\SERVICES\WorkQueueService.Build033Backup_20260713_114526.js","614","                    this.createWorkItem({"
"D:\P2GC_Intelligence\MILES_ENTERPRISE\SERVICES\WorkQueueService.Build034Backup_20260713_120306.js","900","        const duplicates = [];"
"D:\P2GC_Intelligence\MILES_ENTERPRISE\SERVICES\WorkQueueService.Build034Backup_20260713_120306.js","908","                    duplicates.push(item);"
"D:\P2GC_Intelligence\MILES_ENTERPRISE\SERVICES\WorkQueueService.Build034Backup_20260713_120306.js","918","        if (duplicates.length) {"
"D:\P2GC_Intelligence\MILES_ENTERPRISE\SERVICES\WorkQueueService.Build034Backup_20260713_120306.js","921","            for (const duplicate of duplicates) {"
"D:\P2GC_Intelligence\MILES_ENTERPRISE\SERVICES\WorkQueueService.Build034Backup_20260713_120306.js","938","                (this.metadata.archivedCount || 0) + duplicates.length;"
"D:\P2GC_Intelligence\MILES_ENTERPRISE\SERVICES\WorkQueueService.Build034Backup_20260713_120306.js","944","                `[WorkQueueService] Archived ${duplicates.length} duplicate open work item(s).`"
"D:\P2GC_Intelligence\MILES_ENTERPRISE\SERVICES\WorkQueueService.Build034Backup_20260713_120306.js","10","    ""Blocked"","
"D:\P2GC_Intelligence\MILES_ENTERPRISE\SERVICES\WorkQueueService.Build034Backup_20260713_120306.js","716","                [""Pending"", ""Blocked"", ""Awaiting Approval""].includes(item.status)"
"D:\P2GC_Intelligence\MILES_ENTERPRISE\SERVICES\WorkQueueService.Build034Backup_20260713_120306.js","745","            blocked: this.queue.filter(item => item.status === ""Blocked"").length,"
"D:\P2GC_Intelligence\MILES_ENTERPRISE\SERVICES\WorkQueueService.Build034Backup_20260713_120306.js","791","    markBlocked(id, metadata = {}) {"
"D:\P2GC_Intelligence\MILES_ENTERPRISE\SERVICES\WorkQueueService.Build034Backup_20260713_120306.js","794","            ""Blocked"","
"D:\P2GC_Intelligence\MILES_ENTERPRISE\SERVICES\WorkQueueService.Build034Backup_20260713_120306.js","796","            ""Work item blocked."""
"D:\P2GC_Intelligence\MILES_ENTERPRISE\SERVICES\WorkQueueService.Build034Backup_20260713_120306.js","132","                        `[WorkQueueService] ${label} was unreadable. Backup created: ${backupPath}`"
"D:\P2GC_Intelligence\MILES_ENTERPRISE\SERVICES\WorkQueueService.Build034Backup_20260713_120306.js","461","    createWorkItem(input) {"
"D:\P2GC_Intelligence\MILES_ENTERPRISE\SERVICES\WorkQueueService.Build034Backup_20260713_120306.js","555","                    source: ""createWorkItem"","
"D:\P2GC_Intelligence\MILES_ENTERPRISE\SERVICES\WorkQueueService.Build034Backup_20260713_120306.js","585","                this.createWorkItem({"
"D:\P2GC_Intelligence\MILES_ENTERPRISE\SERVICES\WorkQueueService.Build034Backup_20260713_120306.js","631","                    this.createWorkItem({"
"D:\P2GC_Intelligence\MILES_ENTERPRISE\SERVICES\WorkQueueService.Build034Backup_20260713_120306.js","655","                    this.createWorkItem({"
"D:\P2GC_Intelligence\MILES_ENTERPRISE\SERVICES\WorkQueueService.BeforeBuild034_20260713_130722.js","887","        const duplicates = [];"
"D:\P2GC_Intelligence\MILES_ENTERPRISE\SERVICES\WorkQueueService.BeforeBuild034_20260713_130722.js","895","                    duplicates.push(item);"
"D:\P2GC_Intelligence\MILES_ENTERPRISE\SERVICES\WorkQueueService.BeforeBuild034_20260713_130722.js","905","        if (duplicates.length) {"
"D:\P2GC_Intelligence\MILES_ENTERPRISE\SERVICES\WorkQueueService.BeforeBuild034_20260713_130722.js","908","            for (const duplicate of duplicates) {"
"D:\P2GC_Intelligence\MILES_ENTERPRISE\SERVICES\WorkQueueService.BeforeBuild034_20260713_130722.js","925","                (this.metadata.archivedCount || 0) + duplicates.length;"
"D:\P2GC_Intelligence\MILES_ENTERPRISE\SERVICES\WorkQueueService.BeforeBuild034_20260713_130722.js","931","                `[WorkQueueService] Archived ${duplicates.length} duplicate open work item(s).`"
"D:\P2GC_Intelligence\MILES_ENTERPRISE\SERVICES\WorkQueueService.BeforeBuild034_20260713_130722.js","10","    ""Blocked"","
"D:\P2GC_Intelligence\MILES_ENTERPRISE\SERVICES\WorkQueueService.BeforeBuild034_20260713_130722.js","703","                [""Pending"", ""Blocked"", ""Awaiting Approval""].includes(item.status)"
"D:\P2GC_Intelligence\MILES_ENTERPRISE\SERVICES\WorkQueueService.BeforeBuild034_20260713_130722.js","732","            blocked: this.queue.filter(item => item.status === ""Blocked"").length,"
"D:\P2GC_Intelligence\MILES_ENTERPRISE\SERVICES\WorkQueueService.BeforeBuild034_20260713_130722.js","778","    markBlocked(id, metadata = {}) {"
"D:\P2GC_Intelligence\MILES_ENTERPRISE\SERVICES\WorkQueueService.BeforeBuild034_20260713_130722.js","781","            ""Blocked"","
"D:\P2GC_Intelligence\MILES_ENTERPRISE\SERVICES\WorkQueueService.BeforeBuild034_20260713_130722.js","783","            ""Work item blocked."""
"D:\P2GC_Intelligence\MILES_ENTERPRISE\SERVICES\WorkQueueService.BeforeBuild034_20260713_130722.js","132","                        `[WorkQueueService] ${label} was unreadable. Backup created: ${backupPath}`"
"D:\P2GC_Intelligence\MILES_ENTERPRISE\SERVICES\WorkQueueService.BeforeBuild034_20260713_130722.js","461","    createWorkItem(input) {"
"D:\P2GC_Intelligence\MILES_ENTERPRISE\SERVICES\WorkQueueService.BeforeBuild034_20260713_130722.js","542","                    source: ""createWorkItem"","
"D:\P2GC_Intelligence\MILES_ENTERPRISE\SERVICES\WorkQueueService.BeforeBuild034_20260713_130722.js","572","                this.createWorkItem({"
"D:\P2GC_Intelligence\MILES_ENTERPRISE\SERVICES\WorkQueueService.BeforeBuild034_20260713_130722.js","618","                    this.createWorkItem({"
"D:\P2GC_Intelligence\MILES_ENTERPRISE\SERVICES\WorkQueueService.BeforeBuild034_20260713_130722.js","642","                    this.createWorkItem({"
"D:\P2GC_Intelligence\MILES_ENTERPRISE\SERVICES\BusinessSnapshotService.js","1280","                        ""blocked"","
"D:\P2GC_Intelligence\MILES_ENTERPRISE\SERVICES\BusinessSnapshotService.js","1314","        const blockedWork ="
"D:\P2GC_Intelligence\MILES_ENTERPRISE\SERVICES\BusinessSnapshotService.js","1318","                    ""Blocked"""
"D:\P2GC_Intelligence\MILES_ENTERPRISE\SERVICES\BusinessSnapshotService.js","1946","            blockedWork > 0"
"D:\P2GC_Intelligence\MILES_ENTERPRISE\SERVICES\BusinessSnapshotService.js","1951","                ""Blocked work exists"","
"D:\P2GC_Intelligence\MILES_ENTERPRISE\SERVICES\BusinessSnapshotService.js","1952","                `${blockedWork} work item(s) are blocked.`,"
"D:\P2GC_Intelligence\MILES_ENTERPRISE\SERVICES\BusinessSnapshotService.js","2249","                            .ceoProtectedBlocked,"
"D:\P2GC_Intelligence\MILES_ENTERPRISE\SERVICES\BusinessSnapshotService.js","2541","                    ceoProtectedBlocked:"
"D:\P2GC_Intelligence\MILES_ENTERPRISE\SERVICES\BusinessSnapshotService.js","2544","                                .ceoProtectedBlocked,"
"D:\P2GC_Intelligence\MILES_ENTERPRISE\SERVICES\BusinessSnapshotService.js","2904","                    blocked:"
"D:\P2GC_Intelligence\MILES_ENTERPRISE\SERVICES\BusinessSnapshotService.js","2907","                                queueSummary.blocked,"
"D:\P2GC_Intelligence\MILES_ENTERPRISE\SERVICES\BusinessSnapshotService.js","2908","                                blockedWork"
"D:\P2GC_Intelligence\MILES_ENTERPRISE\SERVICES\BusinessSnapshotService.js","2910","                            blockedWork"
"D:\P2GC_Intelligence\MILES_ENTERPRISE\SERVICES\BusinessSnapshotService.js","2548","                    created:"
"D:\P2GC_Intelligence\MILES_ENTERPRISE\SERVICES\BusinessSnapshotService.js","2978","                    workCreated:"
"D:\P2GC_Intelligence\MILES_ENTERPRISE\SERVICES\InfrastructureRegistryService.js","289","      ""filesystem.duplicates.detect"","
"D:\P2GC_Intelligence\MILES_ENTERPRISE\SERVICES\AutonomousWorkGenerationService.js","386","          ""Current website availability, performance, conversion, link, form, accessibility, and content-drift findings."","
"D:\P2GC_Intelligence\MILES_ENTERPRISE\SERVICES\AutonomousWorkGenerationService.js","607","function credentialFindings() {"
"D:\P2GC_Intelligence\MILES_ENTERPRISE\SERVICES\AutonomousWorkGenerationService.js","654","function healthFindings(state) {"
"D:\P2GC_Intelligence\MILES_ENTERPRISE\SERVICES\AutonomousWorkGenerationService.js","659","  const findings = [];"
"D:\P2GC_Intelligence\MILES_ENTERPRISE\SERVICES\AutonomousWorkGenerationService.js","665","    findings.push({"
"D:\P2GC_Intelligence\MILES_ENTERPRISE\SERVICES\AutonomousWorkGenerationService.js","700","    findings.push({"
"D:\P2GC_Intelligence\MILES_ENTERPRISE\SERVICES\AutonomousWorkGenerationService.js","750","    findings.push({"
"D:\P2GC_Intelligence\MILES_ENTERPRISE\SERVICES\AutonomousWorkGenerationService.js","776","  return findings;"
"D:\P2GC_Intelligence\MILES_ENTERPRISE\SERVICES\AutonomousWorkGenerationService.js","779","function dedupeFindings(findings) {"
"D:\P2GC_Intelligence\MILES_ENTERPRISE\SERVICES\AutonomousWorkGenerationService.js","784","    const finding of findings"
"D:\P2GC_Intelligence\MILES_ENTERPRISE\SERVICES\AutonomousWorkGenerationService.js","841","      findingsEvaluated: 0,"
"D:\P2GC_Intelligence\MILES_ENTERPRISE\SERVICES\AutonomousWorkGenerationService.js","1071","  collectFindings() {"
"D:\P2GC_Intelligence\MILES_ENTERPRISE\SERVICES\AutonomousWorkGenerationService.js","1075","    return dedupeFindings(["
"D:\P2GC_Intelligence\MILES_ENTERPRISE\SERVICES\AutonomousWorkGenerationService.js","1076","      ...healthFindings("
"D:\P2GC_Intelligence\MILES_ENTERPRISE\SERVICES\AutonomousWorkGenerationService.js","1080","      ...credentialFindings()"
"D:\P2GC_Intelligence\MILES_ENTERPRISE\SERVICES\AutonomousWorkGenerationService.js","1158","      const findings ="
"D:\P2GC_Intelligence\MILES_ENTERPRISE\SERVICES\AutonomousWorkGenerationService.js","1159","        this.collectFindings();"
"D:\P2GC_Intelligence\MILES_ENTERPRISE\SERVICES\AutonomousWorkGenerationService.js","1162","        .findingsEvaluated +="
"D:\P2GC_Intelligence\MILES_ENTERPRISE\SERVICES\AutonomousWorkGenerationService.js","1163","        findings.length;"
"D:\P2GC_Intelligence\MILES_ENTERPRISE\SERVICES\AutonomousWorkGenerationService.js","1166","        findings"
"D:\P2GC_Intelligence\MILES_ENTERPRISE\SERVICES\AutonomousWorkGenerationService.js","1233","        findings,"
"D:\P2GC_Intelligence\MILES_ENTERPRISE\SERVICES\AutonomousWorkGenerationService.js","1235","        selectedFindings:"
"D:\P2GC_Intelligence\MILES_ENTERPRISE\SERVICES\AutonomousWorkGenerationService.js","1244","          findings:"
"D:\P2GC_Intelligence\MILES_ENTERPRISE\SERVICES\AutonomousWorkGenerationService.js","1245","            findings.length,"
"D:\P2GC_Intelligence\MILES_ENTERPRISE\SERVICES\AutonomousWorkGenerationService.js","843","      duplicatesSuppressed: 0,"
"D:\P2GC_Intelligence\MILES_ENTERPRISE\SERVICES\AutonomousWorkGenerationService.js","1090","        .duplicatesSuppressed += 1;"
"D:\P2GC_Intelligence\MILES_ENTERPRISE\SERVICES\AutonomousWorkGenerationService.js","1256","          duplicates:"
"D:\P2GC_Intelligence\MILES_ENTERPRISE\SERVICES\AutonomousWorkGenerationService.js","421","        blocked:"
"D:\P2GC_Intelligence\MILES_ENTERPRISE\SERVICES\AutonomousWorkGenerationService.js","844","      tasksBlocked: 0,"
"D:\P2GC_Intelligence\MILES_ENTERPRISE\SERVICES\AutonomousWorkGenerationService.js","969","        profile.blocked"
"D:\P2GC_Intelligence\MILES_ENTERPRISE\SERVICES\AutonomousWorkGenerationService.js","1049","        blocked:"
"D:\P2GC_Intelligence\MILES_ENTERPRISE\SERVICES\AutonomousWorkGenerationService.js","1050","          Boolean(profile.blocked),"
"D:\P2GC_Intelligence\MILES_ENTERPRISE\SERVICES\AutonomousWorkGenerationService.js","1107","      task.payload.blocked ==="
"D:\P2GC_Intelligence\MILES_ENTERPRISE\SERVICES\AutonomousWorkGenerationService.js","1111","        .tasksBlocked += 1;"
"D:\P2GC_Intelligence\MILES_ENTERPRISE\SERVICES\AutonomousWorkGenerationService.js","1262","          blocked:"
"D:\P2GC_Intelligence\MILES_ENTERPRISE\SERVICES\AutonomousWorkGenerationService.js","1265","                task.payload.blocked ==="
"D:\P2GC_Intelligence\MILES_ENTERPRISE\SERVICES\AutonomousWorkGenerationService.js","842","      tasksCreated: 0,"
"D:\P2GC_Intelligence\MILES_ENTERPRISE\SERVICES\AutonomousWorkGenerationService.js","1095","        created: false,"
"D:\P2GC_Intelligence\MILES_ENTERPRISE\SERVICES\AutonomousWorkGenerationService.js","1123","      created: true,"
"D:\P2GC_Intelligence\MILES_ENTERPRISE\SERVICES\AutonomousWorkGenerationService.js","1207","              created: false,"
"D:\P2GC_Intelligence\MILES_ENTERPRISE\SERVICES\AutonomousWorkGenerationService.js","1250","          created:"
"D:\P2GC_Intelligence\MILES_ENTERPRISE\SERVICES\AutonomousWorkGenerationService.js","1041","          `AUTO_WP_${fingerprint}`,"
"D:\P2GC_Intelligence\MILES_ENTERPRISE\SERVICES\WorkQueuePersistenceAudit.js","206","    findings: [],"
"D:\P2GC_Intelligence\MILES_ENTERPRISE\SERVICES\WorkQueuePersistenceAudit.js","367","      report.findings.push({"
"D:\P2GC_Intelligence\MILES_ENTERPRISE\SERVICES\WorkQueuePersistenceAudit.js","381","      report.findings.push({"
"D:\P2GC_Intelligence\MILES_ENTERPRISE\SERVICES\WorkQueuePersistenceAudit.js","392","      report.findings.push({"
"D:\P2GC_Intelligence\MILES_ENTERPRISE\SERVICES\WorkQueuePersistenceAudit.js","404","      report.findings.push({"
"D:\P2GC_Intelligence\MILES_ENTERPRISE\SERVICES\WorkQueuePersistenceAudit.js","430","      report.findings.push({"
"D:\P2GC_Intelligence\MILES_ENTERPRISE\SERVICES\WorkQueuePersistenceAudit.js","450","      report.findings.push({"
"D:\P2GC_Intelligence\MILES_ENTERPRISE\SERVICES\WorkQueuePersistenceAudit.js","470","      report.findings.every("
"D:\P2GC_Intelligence\MILES_ENTERPRISE\SERVICES\WorkQueuePersistenceAudit.js","527","    report.findings.push({"
"D:\P2GC_Intelligence\MILES_ENTERPRISE\SERVICES\WorkQueuePersistenceAudit.js","579","        ""Findings:"","
"D:\P2GC_Intelligence\MILES_ENTERPRISE\SERVICES\WorkQueuePersistenceAudit.js","580","        report.findings.length"
"D:\P2GC_Intelligence\MILES_ENTERPRISE\SERVICES\WorkQueuePersistenceAudit.js","585","        report.findings"
"D:\P2GC_Intelligence\MILES_ENTERPRISE\SERVICES\WorkQueuePersistenceAudit.js","238","      queue.createWorkItem("
"D:\P2GC_Intelligence\MILES_ENTERPRISE\SERVICES\AutonomousCOOLoopService.backup_20260714_230928.js","577","            ""Improves operations based on live provider findings."","
"D:\P2GC_Intelligence\MILES_ENTERPRISE\SERVICES\AutonomousCOOLoopService.backup_20260714_230928.js","335","          ? [""Review CEO approval queue and resolve blocked decisions.""]"
"D:\P2GC_Intelligence\MILES_ENTERPRISE\SERVICES\AutonomousCOOLoopService.backup_20260714_230928.js","963","        dispatchBlocked: true,"
"D:\P2GC_Intelligence\MILES_ENTERPRISE\SERVICES\AutonomousCOOLoopService.backup_20260714_230928.js","1020","      ceoProtectedBlocked:"
"D:\P2GC_Intelligence\MILES_ENTERPRISE\SERVICES\AutonomousCOOLoopService.backup_20260714_230928.js","1563","        blocked: 0,"
"D:\P2GC_Intelligence\MILES_ENTERPRISE\SERVICES\AutonomousCOOLoopService.backup_20260714_230928.js","916","        this.workQueue.createWorkItem({"
"D:\P2GC_Intelligence\MILES_ENTERPRISE\SERVICES\AutonomousCOOLoopService.backup_20260714_230928.js","968","      this.workQueue.createWorkItem({"
"D:\P2GC_Intelligence\MILES_ENTERPRISE\SERVICES\AutonomousCOOLoopService.backup_20260714_230928.js","1033","        this.workQueue.createWorkItem({"
"D:\P2GC_Intelligence\MILES_ENTERPRISE\SERVICES\AutonomousCOOLoopService.backup_20260714_230928.js","1058","        this.workQueue.createWorkItem({"
"D:\P2GC_Intelligence\MILES_ENTERPRISE\SERVICES\AutonomousCOOLoopService.backup_20260714_230928.js","1080","        this.workQueue.createWorkItem({"
"D:\P2GC_Intelligence\MILES_ENTERPRISE\SERVICES\AutonomousCOOLoopService.backup_20260714_230928.js","1228","          `[D015] Calling WorkflowService.createWorkflow(""${objective}"")`"
"D:\P2GC_Intelligence\MILES_ENTERPRISE\SERVICES\AutonomousCOOLoopService.backup_20260714_230928.js","1232","          this.workflowService.createWorkflow(objective, context);"
"D:\P2GC_Intelligence\MILES_ENTERPRISE\SERVICES\SystemArchitectureAudit.js","819","function buildFindings("
"D:\P2GC_Intelligence\MILES_ENTERPRISE\SERVICES\SystemArchitectureAudit.js","825","  const findings = [];"
"D:\P2GC_Intelligence\MILES_ENTERPRISE\SERVICES\SystemArchitectureAudit.js","829","      findings.push({"
"D:\P2GC_Intelligence\MILES_ENTERPRISE\SERVICES\SystemArchitectureAudit.js","844","      findings.push({"
"D:\P2GC_Intelligence\MILES_ENTERPRISE\SERVICES\SystemArchitectureAudit.js","866","        findings.push({"
"D:\P2GC_Intelligence\MILES_ENTERPRISE\SERVICES\SystemArchitectureAudit.js","886","    findings.push({"
"D:\P2GC_Intelligence\MILES_ENTERPRISE\SERVICES\SystemArchitectureAudit.js","899","    findings.push({"
"D:\P2GC_Intelligence\MILES_ENTERPRISE\SERVICES\SystemArchitectureAudit.js","920","    findings.push({"
"D:\P2GC_Intelligence\MILES_ENTERPRISE\SERVICES\SystemArchitectureAudit.js","948","    findings.push({"
"D:\P2GC_Intelligence\MILES_ENTERPRISE\SERVICES\SystemArchitectureAudit.js","964","    findings.push({"
"D:\P2GC_Intelligence\MILES_ENTERPRISE\SERVICES\SystemArchitectureAudit.js","976","  return findings.map("
"D:\P2GC_Intelligence\MILES_ENTERPRISE\SERVICES\SystemArchitectureAudit.js","987","function summarizeFindings("
"D:\P2GC_Intelligence\MILES_ENTERPRISE\SERVICES\SystemArchitectureAudit.js","988","  findings"
"D:\P2GC_Intelligence\MILES_ENTERPRISE\SERVICES\SystemArchitectureAudit.js","997","  for (const finding of findings) {"
"D:\P2GC_Intelligence\MILES_ENTERPRISE\SERVICES\SystemArchitectureAudit.js","1053","    `- Critical: ${report.findingSummary.CRITICAL}`"
"D:\P2GC_Intelligence\MILES_ENTERPRISE\SERVICES\SystemArchitectureAudit.js","1056","    `- High: ${report.findingSummary.HIGH}`"
"D:\P2GC_Intelligence\MILES_ENTERPRISE\SERVICES\SystemArchitectureAudit.js","1059","    `- Medium: ${report.findingSummary.MEDIUM}`"
"D:\P2GC_Intelligence\MILES_ENTERPRISE\SERVICES\SystemArchitectureAudit.js","1062","    `- Low: ${report.findingSummary.LOW}`"
"D:\P2GC_Intelligence\MILES_ENTERPRISE\SERVICES\SystemArchitectureAudit.js","1102","  lines.push(""## Findings"");"
"D:\P2GC_Intelligence\MILES_ENTERPRISE\SERVICES\SystemArchitectureAudit.js","1105","  if (!report.findings.length) {"
"D:\P2GC_Intelligence\MILES_ENTERPRISE\SERVICES\SystemArchitectureAudit.js","1107","      ""No structural findings detected."""
"D:\P2GC_Intelligence\MILES_ENTERPRISE\SERVICES\SystemArchitectureAudit.js","1113","    of report.findings"
"D:\P2GC_Intelligence\MILES_ENTERPRISE\SERVICES\SystemArchitectureAudit.js","1254","  const findings ="
"D:\P2GC_Intelligence\MILES_ENTERPRISE\SERVICES\SystemArchitectureAudit.js","1255","    buildFindings("
"D:\P2GC_Intelligence\MILES_ENTERPRISE\SERVICES\SystemArchitectureAudit.js","1262","  const findingSummary ="
"D:\P2GC_Intelligence\MILES_ENTERPRISE\SERVICES\SystemArchitectureAudit.js","1263","    summarizeFindings("
"D:\P2GC_Intelligence\MILES_ENTERPRISE\SERVICES\SystemArchitectureAudit.js","1264","      findings"
"D:\P2GC_Intelligence\MILES_ENTERPRISE\SERVICES\SystemArchitectureAudit.js","1383","    findingSummary,"
"D:\P2GC_Intelligence\MILES_ENTERPRISE\SERVICES\SystemArchitectureAudit.js","1389","    findings,"
"D:\P2GC_Intelligence\MILES_ENTERPRISE\SERVICES\SystemArchitectureAudit.js","1504","    ""Findings:"""
"D:\P2GC_Intelligence\MILES_ENTERPRISE\SERVICES\SystemArchitectureAudit.js","1509","      findingSummary,"
"D:\P2GC_Intelligence\MILES_ENTERPRISE\SERVICES\SystemArchitectureAudit.js","821","  duplicates,"
"D:\P2GC_Intelligence\MILES_ENTERPRISE\SERVICES\SystemArchitectureAudit.js","884","    of duplicates"
"D:\P2GC_Intelligence\MILES_ENTERPRISE\SERVICES\SystemArchitectureAudit.js","1236","  const duplicates ="
"D:\P2GC_Intelligence\MILES_ENTERPRISE\SERVICES\SystemArchitectureAudit.js","1257","      duplicates,"
"D:\P2GC_Intelligence\MILES_ENTERPRISE\SERVICES\SystemArchitectureAudit.js","1347","      duplicates.length,"
"D:\P2GC_Intelligence\MILES_ENTERPRISE\SERVICES\SystemArchitectureAudit.js","1439","      duplicates,"
"D:\P2GC_Intelligence\MILES_ENTERPRISE\SERVICES\SystemArchitectureAudit.js.BUILD117_BACKUP_20260715_190151.js","808","function buildFindings("
"D:\P2GC_Intelligence\MILES_ENTERPRISE\SERVICES\SystemArchitectureAudit.js.BUILD117_BACKUP_20260715_190151.js","814","  const findings = [];"
"D:\P2GC_Intelligence\MILES_ENTERPRISE\SERVICES\SystemArchitectureAudit.js.BUILD117_BACKUP_20260715_190151.js","818","      findings.push({"
"D:\P2GC_Intelligence\MILES_ENTERPRISE\SERVICES\SystemArchitectureAudit.js.BUILD117_BACKUP_20260715_190151.js","833","      findings.push({"
"D:\P2GC_Intelligence\MILES_ENTERPRISE\SERVICES\SystemArchitectureAudit.js.BUILD117_BACKUP_20260715_190151.js","855","        findings.push({"
"D:\P2GC_Intelligence\MILES_ENTERPRISE\SERVICES\SystemArchitectureAudit.js.BUILD117_BACKUP_20260715_190151.js","875","    findings.push({"
"D:\P2GC_Intelligence\MILES_ENTERPRISE\SERVICES\SystemArchitectureAudit.js.BUILD117_BACKUP_20260715_190151.js","888","    findings.push({"
"D:\P2GC_Intelligence\MILES_ENTERPRISE\SERVICES\SystemArchitectureAudit.js.BUILD117_BACKUP_20260715_190151.js","909","    findings.push({"
"D:\P2GC_Intelligence\MILES_ENTERPRISE\SERVICES\SystemArchitectureAudit.js.BUILD117_BACKUP_20260715_190151.js","937","    findings.push({"
"D:\P2GC_Intelligence\MILES_ENTERPRISE\SERVICES\SystemArchitectureAudit.js.BUILD117_BACKUP_20260715_190151.js","953","    findings.push({"
"D:\P2GC_Intelligence\MILES_ENTERPRISE\SERVICES\SystemArchitectureAudit.js.BUILD117_BACKUP_20260715_190151.js","965","  return findings.map("
"D:\P2GC_Intelligence\MILES_ENTERPRISE\SERVICES\SystemArchitectureAudit.js.BUILD117_BACKUP_20260715_190151.js","976","function summarizeFindings("
"D:\P2GC_Intelligence\MILES_ENTERPRISE\SERVICES\SystemArchitectureAudit.js.BUILD117_BACKUP_20260715_190151.js","977","  findings"
"D:\P2GC_Intelligence\MILES_ENTERPRISE\SERVICES\SystemArchitectureAudit.js.BUILD117_BACKUP_20260715_190151.js","986","  for (const finding of findings) {"
"D:\P2GC_Intelligence\MILES_ENTERPRISE\SERVICES\SystemArchitectureAudit.js.BUILD117_BACKUP_20260715_190151.js","1042","    `- Critical: ${report.findingSummary.CRITICAL}`"
"D:\P2GC_Intelligence\MILES_ENTERPRISE\SERVICES\SystemArchitectureAudit.js.BUILD117_BACKUP_20260715_190151.js","1045","    `- High: ${report.findingSummary.HIGH}`"
"D:\P2GC_Intelligence\MILES_ENTERPRISE\SERVICES\SystemArchitectureAudit.js.BUILD117_BACKUP_20260715_190151.js","1048","    `- Medium: ${report.findingSummary.MEDIUM}`"
"D:\P2GC_Intelligence\MILES_ENTERPRISE\SERVICES\SystemArchitectureAudit.js.BUILD117_BACKUP_20260715_190151.js","1051","    `- Low: ${report.findingSummary.LOW}`"
"D:\P2GC_Intelligence\MILES_ENTERPRISE\SERVICES\SystemArchitectureAudit.js.BUILD117_BACKUP_20260715_190151.js","1091","  lines.push(""## Findings"");"
"D:\P2GC_Intelligence\MILES_ENTERPRISE\SERVICES\SystemArchitectureAudit.js.BUILD117_BACKUP_20260715_190151.js","1094","  if (!report.findings.length) {"
"D:\P2GC_Intelligence\MILES_ENTERPRISE\SERVICES\SystemArchitectureAudit.js.BUILD117_BACKUP_20260715_190151.js","1096","      ""No structural findings detected."""
"D:\P2GC_Intelligence\MILES_ENTERPRISE\SERVICES\SystemArchitectureAudit.js.BUILD117_BACKUP_20260715_190151.js","1102","    of report.findings"
"D:\P2GC_Intelligence\MILES_ENTERPRISE\SERVICES\SystemArchitectureAudit.js.BUILD117_BACKUP_20260715_190151.js","1243","  const findings ="
"D:\P2GC_Intelligence\MILES_ENTERPRISE\SERVICES\SystemArchitectureAudit.js.BUILD117_BACKUP_20260715_190151.js","1244","    buildFindings("
"D:\P2GC_Intelligence\MILES_ENTERPRISE\SERVICES\SystemArchitectureAudit.js.BUILD117_BACKUP_20260715_190151.js","1251","  const findingSummary ="
"D:\P2GC_Intelligence\MILES_ENTERPRISE\SERVICES\SystemArchitectureAudit.js.BUILD117_BACKUP_20260715_190151.js","1252","    summarizeFindings("
"D:\P2GC_Intelligence\MILES_ENTERPRISE\SERVICES\SystemArchitectureAudit.js.BUILD117_BACKUP_20260715_190151.js","1253","      findings"
"D:\P2GC_Intelligence\MILES_ENTERPRISE\SERVICES\SystemArchitectureAudit.js.BUILD117_BACKUP_20260715_190151.js","1372","    findingSummary,"
"D:\P2GC_Intelligence\MILES_ENTERPRISE\SERVICES\SystemArchitectureAudit.js.BUILD117_BACKUP_20260715_190151.js","1378","    findings,"
"D:\P2GC_Intelligence\MILES_ENTERPRISE\SERVICES\SystemArchitectureAudit.js.BUILD117_BACKUP_20260715_190151.js","1493","    ""Findings:"""
"D:\P2GC_Intelligence\MILES_ENTERPRISE\SERVICES\SystemArchitectureAudit.js.BUILD117_BACKUP_20260715_190151.js","1498","      findingSummary,"
"D:\P2GC_Intelligence\MILES_ENTERPRISE\SERVICES\SystemArchitectureAudit.js.BUILD117_BACKUP_20260715_190151.js","810","  duplicates,"
"D:\P2GC_Intelligence\MILES_ENTERPRISE\SERVICES\SystemArchitectureAudit.js.BUILD117_BACKUP_20260715_190151.js","873","    of duplicates"
"D:\P2GC_Intelligence\MILES_ENTERPRISE\SERVICES\SystemArchitectureAudit.js.BUILD117_BACKUP_20260715_190151.js","1225","  const duplicates ="
"D:\P2GC_Intelligence\MILES_ENTERPRISE\SERVICES\SystemArchitectureAudit.js.BUILD117_BACKUP_20260715_190151.js","1246","      duplicates,"
"D:\P2GC_Intelligence\MILES_ENTERPRISE\SERVICES\SystemArchitectureAudit.js.BUILD117_BACKUP_20260715_190151.js","1336","      duplicates.length,"
"D:\P2GC_Intelligence\MILES_ENTERPRISE\SERVICES\SystemArchitectureAudit.js.BUILD117_BACKUP_20260715_190151.js","1428","      duplicates,"
"D:\P2GC_Intelligence\MILES_ENTERPRISE\SERVICES\SystemArchitectureAudit.js.BUILD120_BACKUP_20260715_192653.js","819","function buildFindings("
"D:\P2GC_Intelligence\MILES_ENTERPRISE\SERVICES\SystemArchitectureAudit.js.BUILD120_BACKUP_20260715_192653.js","825","  const findings = [];"
"D:\P2GC_Intelligence\MILES_ENTERPRISE\SERVICES\SystemArchitectureAudit.js.BUILD120_BACKUP_20260715_192653.js","829","      findings.push({"
"D:\P2GC_Intelligence\MILES_ENTERPRISE\SERVICES\SystemArchitectureAudit.js.BUILD120_BACKUP_20260715_192653.js","844","      findings.push({"
"D:\P2GC_Intelligence\MILES_ENTERPRISE\SERVICES\SystemArchitectureAudit.js.BUILD120_BACKUP_20260715_192653.js","866","        findings.push({"
"D:\P2GC_Intelligence\MILES_ENTERPRISE\SERVICES\SystemArchitectureAudit.js.BUILD120_BACKUP_20260715_192653.js","886","    findings.push({"
"D:\P2GC_Intelligence\MILES_ENTERPRISE\SERVICES\SystemArchitectureAudit.js.BUILD120_BACKUP_20260715_192653.js","899","    findings.push({"
"D:\P2GC_Intelligence\MILES_ENTERPRISE\SERVICES\SystemArchitectureAudit.js.BUILD120_BACKUP_20260715_192653.js","920","    findings.push({"
"D:\P2GC_Intelligence\MILES_ENTERPRISE\SERVICES\SystemArchitectureAudit.js.BUILD120_BACKUP_20260715_192653.js","948","    findings.push({"
"D:\P2GC_Intelligence\MILES_ENTERPRISE\SERVICES\SystemArchitectureAudit.js.BUILD120_BACKUP_20260715_192653.js","964","    findings.push({"
"D:\P2GC_Intelligence\MILES_ENTERPRISE\SERVICES\SystemArchitectureAudit.js.BUILD120_BACKUP_20260715_192653.js","976","  return findings.map("
"D:\P2GC_Intelligence\MILES_ENTERPRISE\SERVICES\SystemArchitectureAudit.js.BUILD120_BACKUP_20260715_192653.js","987","function summarizeFindings("
"D:\P2GC_Intelligence\MILES_ENTERPRISE\SERVICES\SystemArchitectureAudit.js.BUILD120_BACKUP_20260715_192653.js","988","  findings"
"D:\P2GC_Intelligence\MILES_ENTERPRISE\SERVICES\SystemArchitectureAudit.js.BUILD120_BACKUP_20260715_192653.js","997","  for (const finding of findings) {"
"D:\P2GC_Intelligence\MILES_ENTERPRISE\SERVICES\SystemArchitectureAudit.js.BUILD120_BACKUP_20260715_192653.js","1053","    `- Critical: ${report.findingSummary.CRITICAL}`"
"D:\P2GC_Intelligence\MILES_ENTERPRISE\SERVICES\SystemArchitectureAudit.js.BUILD120_BACKUP_20260715_192653.js","1056","    `- High: ${report.findingSummary.HIGH}`"
"D:\P2GC_Intelligence\MILES_ENTERPRISE\SERVICES\SystemArchitectureAudit.js.BUILD120_BACKUP_20260715_192653.js","1059","    `- Medium: ${report.findingSummary.MEDIUM}`"
"D:\P2GC_Intelligence\MILES_ENTERPRISE\SERVICES\SystemArchitectureAudit.js.BUILD120_BACKUP_20260715_192653.js","1062","    `- Low: ${report.findingSummary.LOW}`"
"D:\P2GC_Intelligence\MILES_ENTERPRISE\SERVICES\SystemArchitectureAudit.js.BUILD120_BACKUP_20260715_192653.js","1102","  lines.push(""## Findings"");"
"D:\P2GC_Intelligence\MILES_ENTERPRISE\SERVICES\SystemArchitectureAudit.js.BUILD120_BACKUP_20260715_192653.js","1105","  if (!report.findings.length) {"
"D:\P2GC_Intelligence\MILES_ENTERPRISE\SERVICES\SystemArchitectureAudit.js.BUILD120_BACKUP_20260715_192653.js","1107","      ""No structural findings detected."""
"D:\P2GC_Intelligence\MILES_ENTERPRISE\SERVICES\SystemArchitectureAudit.js.BUILD120_BACKUP_20260715_192653.js","1113","    of report.findings"
"D:\P2GC_Intelligence\MILES_ENTERPRISE\SERVICES\SystemArchitectureAudit.js.BUILD120_BACKUP_20260715_192653.js","1254","  const findings ="
"D:\P2GC_Intelligence\MILES_ENTERPRISE\SERVICES\SystemArchitectureAudit.js.BUILD120_BACKUP_20260715_192653.js","1255","    buildFindings("
"D:\P2GC_Intelligence\MILES_ENTERPRISE\SERVICES\SystemArchitectureAudit.js.BUILD120_BACKUP_20260715_192653.js","1262","  const findingSummary ="
"D:\P2GC_Intelligence\MILES_ENTERPRISE\SERVICES\SystemArchitectureAudit.js.BUILD120_BACKUP_20260715_192653.js","1263","    summarizeFindings("
"D:\P2GC_Intelligence\MILES_ENTERPRISE\SERVICES\SystemArchitectureAudit.js.BUILD120_BACKUP_20260715_192653.js","1264","      findings"
"D:\P2GC_Intelligence\MILES_ENTERPRISE\SERVICES\SystemArchitectureAudit.js.BUILD120_BACKUP_20260715_192653.js","1383","    findingSummary,"
"D:\P2GC_Intelligence\MILES_ENTERPRISE\SERVICES\SystemArchitectureAudit.js.BUILD120_BACKUP_20260715_192653.js","1389","    findings,"
"D:\P2GC_Intelligence\MILES_ENTERPRISE\SERVICES\SystemArchitectureAudit.js.BUILD120_BACKUP_20260715_192653.js","1504","    ""Findings:"""
"D:\P2GC_Intelligence\MILES_ENTERPRISE\SERVICES\SystemArchitectureAudit.js.BUILD120_BACKUP_20260715_192653.js","1509","      findingSummary,"
"D:\P2GC_Intelligence\MILES_ENTERPRISE\SERVICES\SystemArchitectureAudit.js.BUILD120_BACKUP_20260715_192653.js","821","  duplicates,"
"D:\P2GC_Intelligence\MILES_ENTERPRISE\SERVICES\SystemArchitectureAudit.js.BUILD120_BACKUP_20260715_192653.js","884","    of duplicates"
"D:\P2GC_Intelligence\MILES_ENTERPRISE\SERVICES\SystemArchitectureAudit.js.BUILD120_BACKUP_20260715_192653.js","1236","  const duplicates ="
"D:\P2GC_Intelligence\MILES_ENTERPRISE\SERVICES\SystemArchitectureAudit.js.BUILD120_BACKUP_20260715_192653.js","1257","      duplicates,"
"D:\P2GC_Intelligence\MILES_ENTERPRISE\SERVICES\SystemArchitectureAudit.js.BUILD120_BACKUP_20260715_192653.js","1347","      duplicates.length,"
"D:\P2GC_Intelligence\MILES_ENTERPRISE\SERVICES\SystemArchitectureAudit.js.BUILD120_BACKUP_20260715_192653.js","1439","      duplicates,"
"D:\P2GC_Intelligence\MILES_ENTERPRISE\SERVICES\Build122RevenueOperationsAcceptance.js","670","      `Acceptance blocked: ${queueBefore.malformed} malformed queue task(s) detected.`"
"D:\P2GC_Intelligence\MILES_ENTERPRISE\SERVICES\Build122RevenueOperationsAcceptance.js","733","      taskQueue.add(task)"
"D:\P2GC_Intelligence\MILES_ENTERPRISE\SERVICES\Build122RevenueOperationsAcceptance.js.BUILD122A_BACKUP_20260715_194821.js","670","      `Acceptance blocked: ${queueBefore.malformed} malformed queue task(s) detected.`"
"D:\P2GC_Intelligence\MILES_ENTERPRISE\SERVICES\Build122RevenueOperationsAcceptance.js.BUILD122A_BACKUP_20260715_194821.js","733","      taskQueue.add(task)"
"D:\P2GC_Intelligence\MILES_ENTERPRISE\SERVICES\Build123MultiProviderAcceptance.js","730","      `BUILD123 blocked: ${malformedBefore} malformed task(s) remain.`"
"D:\P2GC_Intelligence\MILES_ENTERPRISE\SERVICES\Build123MultiProviderAcceptance.js","542","    taskQueue.add("
"D:\P2GC_Intelligence\MILES_ENTERPRISE\SERVICES\Build123MultiProviderAcceptance.js.BUILD123A_BACKUP_20260715_200213.js","694","      `BUILD123 blocked: ${malformedBefore} malformed task(s) remain.`"
"D:\P2GC_Intelligence\MILES_ENTERPRISE\SERVICES\Build123MultiProviderAcceptance.js.BUILD123A_BACKUP_20260715_200213.js","506","    taskQueue.add("
"D:\P2GC_Intelligence\MILES_ENTERPRISE\SERVICES\Build123MultiProviderAcceptance.js.BUILD123B_BACKUP_20260715_201000.js","701","      `BUILD123 blocked: ${malformedBefore} malformed task(s) remain.`"
"D:\P2GC_Intelligence\MILES_ENTERPRISE\SERVICES\Build123MultiProviderAcceptance.js.BUILD123B_BACKUP_20260715_201000.js","513","    taskQueue.add("
"D:\P2GC_Intelligence\MILES_ENTERPRISE\SERVICES\Build125OrionExecutionTrace.js","534","    taskQueue.add(task);"
"D:\P2GC_Intelligence\MILES_ENTERPRISE\SERVICES\Build123MultiProviderAcceptance.js.BUILD127_BACKUP_20260715_203125.js","730","      `BUILD123 blocked: ${malformedBefore} malformed task(s) remain.`"
"D:\P2GC_Intelligence\MILES_ENTERPRISE\SERVICES\Build123MultiProviderAcceptance.js.BUILD127_BACKUP_20260715_203125.js","542","    taskQueue.add("
"D:\P2GC_Intelligence\MILES_ENTERPRISE\SERVICES\Decision\AuthorityEngine.js","67","    const blockedPatterns = ["
"D:\P2GC_Intelligence\MILES_ENTERPRISE\SERVICES\Decision\AuthorityEngine.js","91","      blockedPatterns.some(pattern =>"
"D:\P2GC_Intelligence\MILES_ENTERPRISE\SERVICES\decision_engine\AutonomousDecisionEngine.js","240","      blocked: Boolean("
"D:\P2GC_Intelligence\MILES_ENTERPRISE\SERVICES\decision_engine\AutonomousDecisionEngine.js","241","        operation.blocked ||"
"D:\P2GC_Intelligence\MILES_ENTERPRISE\SERVICES\decision_engine\AutonomousDecisionEngine.js","244","          input.blocked"
"D:\P2GC_Intelligence\MILES_ENTERPRISE\SERVICES\decision_engine\AutonomousDecisionEngine.js","277","    if (normalized.blocked) {"
"D:\P2GC_Intelligence\MILES_ENTERPRISE\SERVICES\decision_engine\AutonomousDecisionEngine.js","278","      reasons.push('Operation is explicitly blocked.');"
"D:\P2GC_Intelligence\MILES_ENTERPRISE\SERVICES\digital_coo\COOBusinessStateEngine.js","298","    const blockedDomains = domainValues.filter((domain) => domain.status === 'BLOCKED').length;"
"D:\P2GC_Intelligence\MILES_ENTERPRISE\SERVICES\digital_coo\COOBusinessStateEngine.js","308","    if (blockedDomains > 0) {"
"D:\P2GC_Intelligence\MILES_ENTERPRISE\SERVICES\digital_coo\COOBusinessStateEngine.js","312","    if (blockedDomains >= 3) {"
"D:\P2GC_Intelligence\MILES_ENTERPRISE\SERVICES\digital_coo\COOBusinessStateEngine.js","313","      status = 'BLOCKED';"
"D:\P2GC_Intelligence\MILES_ENTERPRISE\SERVICES\digital_coo\COOBusinessStateEngine.js","319","      blockedDomains,"
"D:\P2GC_Intelligence\MILES_ENTERPRISE\SERVICES\digital_coo\COOBusinessStateEngine.js","322","      canOperate: status !== 'BLOCKED',"
"D:\P2GC_Intelligence\MILES_ENTERPRISE\SERVICES\digital_coo\COOBusinessStateEngine.js","537","        businessState.operationalReadiness.status === 'BLOCKED'"
"D:\P2GC_Intelligence\MILES_ENTERPRISE\SERVICES\digital_coo\COOExecutionLoop.js","401","      lesson: 'Miles should continuously convert business goals into queued operations, skip duplicates, and escalate only CEO-authority decisions.'"
"D:\P2GC_Intelligence\MILES_ENTERPRISE\SERVICES\digital_coo\COOExecutionLoop.js","44","      operationsCreated: 0,"
"D:\P2GC_Intelligence\MILES_ENTERPRISE\SERVICES\digital_coo\COOExecutionLoop.js","473","      operationsCreated: this.state.operationsCreated,"
"D:\P2GC_Intelligence\MILES_ENTERPRISE\SERVICES\digital_coo\DigitalCOORuntime.js","146","    const blocked ="
"D:\P2GC_Intelligence\MILES_ENTERPRISE\SERVICES\digital_coo\DigitalCOORuntime.js","148","        operation.blocked ||"
"D:\P2GC_Intelligence\MILES_ENTERPRISE\SERVICES\digital_coo\DigitalCOORuntime.js","173","      !blocked &&"
"D:\P2GC_Intelligence\MILES_ENTERPRISE\SERVICES\digital_coo\DigitalCOORuntime.js","183","    if (blocked) {"
"D:\P2GC_Intelligence\MILES_ENTERPRISE\SERVICES\digital_coo\DigitalCOORuntime.js","185","        'Operation is blocked.'"
"D:\P2GC_Intelligence\MILES_ENTERPRISE\SERVICES\digital_coo\MarketingCOOService.js","82","        created: c.timestamp_created,"
"D:\P2GC_Intelligence\MILES_ENTERPRISE\SERVICES\digital_coo\InstantlyCOOService.js","554","        campaign.stop_on_auto_reply ?? null,"
"D:\P2GC_Intelligence\MILES_ENTERPRISE\SERVICES\Memory\OperationalMemoryService.js","20","                    created: new Date().toISOString()"
"D:\P2GC_Intelligence\MILES_ENTERPRISE\SERVICES\Planning\OrionPlanner.js","79","            verification: ""Verify the output identifies stale intelligence, missing source refreshes, and blocked ORION updates."""
"D:\P2GC_Intelligence\MILES_ENTERPRISE\SERVICES\Planning\OrionPlanner.js","109","            verification: ""Verify the output identifies missing tables, weak joins, or blocked intelligence layers."""
"D:\P2GC_Intelligence\MILES_ENTERPRISE\SERVICES\workers\NamecheapCOOWorker.js","65","        'ENABLE_AUTO_RENEW',"
"D:\P2GC_Intelligence\MILES_ENTERPRISE\SERVICES\workers\NamecheapCOOWorker.js","66","        'DISABLE_AUTO_RENEW'"
"D:\P2GC_Intelligence\MILES_ENTERPRISE\SERVICES\workers\NamecheapCOOWorker.js","363","      autoRenew: Boolean(domain.autoRenew || domain.auto_renew),"
"D:\P2GC_Intelligence\MILES_ENTERPRISE\SERVICES\workers\NamecheapCOOWorker.js","655","      ENABLE_AUTO_RENEW: 'enableAutoRenew',"
"D:\P2GC_Intelligence\MILES_ENTERPRISE\SERVICES\workers\NamecheapCOOWorker.js","656","      DISABLE_AUTO_RENEW: 'disableAutoRenew'"
"D:\P2GC_Intelligence\MILES_ENTERPRISE\SERVICES\worker_runtime\AutonomousWorkOrchestratorManager.js","232","        this.state.lastError = 'Autonomous Work Orchestrator remains degraded after recovery attempt.';"
"D:\P2GC_Intelligence\MILES_ENTERPRISE\SERVICES\worker_runtime\BaseAutonomousWorker.js","31","      'Base autonomous worker runtime class.';"
"D:\P2GC_Intelligence\MILES_ENTERPRISE\SERVICES\worker_runtime\BaseAutonomousWorker.js","231","        reason: 'AUTO_INITIALIZE_BEFORE_EXECUTE'"
"D:\P2GC_Intelligence\MILES_ENTERPRISE\SERVICES\engineering\RepositoryInventoryService.js","139","  const duplicates = Object.entries(byName)"
"D:\P2GC_Intelligence\MILES_ENTERPRISE\SERVICES\engineering\RepositoryInventoryService.js","152","  const coreRisks = duplicates.filter(d =>"
"D:\P2GC_Intelligence\MILES_ENTERPRISE\SERVICES\engineering\RepositoryInventoryService.js","161","      duplicateNames: duplicates.length,"
"D:\P2GC_Intelligence\MILES_ENTERPRISE\SERVICES\engineering\RepositoryInventoryService.js","162","      coreRiskDuplicates: coreRisks.length"
"D:\P2GC_Intelligence\MILES_ENTERPRISE\SERVICES\engineering\RepositoryInventoryService.js","166","    coreRiskDuplicates: coreRisks"
"D:\P2GC_Intelligence\MILES_ENTERPRISE\SERVICES\engineering\RepositoryInventoryService.js","170","  fs.writeFileSync(path.join(OUT, ""duplicate_files.json""), JSON.stringify(duplicates, null, 2));"
"D:\P2GC_Intelligence\MILES_ENTERPRISE\SERVICES\governance\DataAccessPolicyService.js","124","              ? ""Client isolation policy blocked cross-client access."""
"D:\P2GC_Intelligence\MILES_ENTERPRISE\SERVICES\governance\DemoProtectionService.js","91","    const blockedPattern ="
"D:\P2GC_Intelligence\MILES_ENTERPRISE\SERVICES\governance\DemoProtectionService.js","92","      policy.blockedPatterns"
"D:\P2GC_Intelligence\MILES_ENTERPRISE\SERVICES\governance\DemoProtectionService.js","102","        !blockedPattern,"
"D:\P2GC_Intelligence\MILES_ENTERPRISE\SERVICES\governance\DemoProtectionService.js","104","      blockedPattern,"
"D:\P2GC_Intelligence\MILES_ENTERPRISE\SERVICES\governance\DemoProtectionService.js","108","        blockedPattern"
"D:\P2GC_Intelligence\MILES_ENTERPRISE\SERVICES\governance\DemoProtectionService.js","109","          ? `Demo policy blocked protected detail: ${blockedPattern}.`"
"D:\P2GC_Intelligence\MILES_ENTERPRISE\SERVICES\governance\ConstitutionalGuardianService.js","44","            : ""BLOCKED"","
"D:\P2GC_Intelligence\MILES_ENTERPRISE\CORE\AutonomousDiscoveryEngine.js","267","        const findings = [];"
"D:\P2GC_Intelligence\MILES_ENTERPRISE\CORE\AutonomousDiscoveryEngine.js","292","            findings.push(finding);"
"D:\P2GC_Intelligence\MILES_ENTERPRISE\CORE\AutonomousDiscoveryEngine.js","328","            findings,"
"D:\P2GC_Intelligence\MILES_ENTERPRISE\CORE\AutonomousDiscoveryEngine.js","269","        const allowDuplicates ="
"D:\P2GC_Intelligence\MILES_ENTERPRISE\CORE\AutonomousDiscoveryEngine.js","270","            options.allowDuplicates === true;"
"D:\P2GC_Intelligence\MILES_ENTERPRISE\CORE\AutonomousDiscoveryEngine.js","302","            if (!allowDuplicates && this.alreadyQueued(rule.id)) {"
"D:\P2GC_Intelligence\MILES_ENTERPRISE\CORE\AutonomousDiscoveryEngine.js","326","            created: created.length,"
"D:\P2GC_Intelligence\MILES_ENTERPRISE\CORE\AutonomousDiscoveryEngine.js","314","            const task = taskQueue.add("
"D:\P2GC_Intelligence\MILES_ENTERPRISE\CORE\AutonomousDiscoveryEngine.js","73","                createTask: () => {"
"D:\P2GC_Intelligence\MILES_ENTERPRISE\CORE\AutonomousDiscoveryEngine.js","98","                createTask: () => {"
"D:\P2GC_Intelligence\MILES_ENTERPRISE\CORE\AutonomousDiscoveryEngine.js","123","                createTask: () => {"
"D:\P2GC_Intelligence\MILES_ENTERPRISE\CORE\AutonomousDiscoveryEngine.js","146","                createTask: () => {"
"D:\P2GC_Intelligence\MILES_ENTERPRISE\CORE\AutonomousDiscoveryEngine.js","166","                createTask: () => {"
"D:\P2GC_Intelligence\MILES_ENTERPRISE\CORE\AutonomousDiscoveryEngine.js","186","                createTask: () => {"
"D:\P2GC_Intelligence\MILES_ENTERPRISE\CORE\AutonomousDiscoveryEngine.js","206","                createTask: () => {"
"D:\P2GC_Intelligence\MILES_ENTERPRISE\CORE\AutonomousDiscoveryEngine.js","226","                createTask: () => {"
"D:\P2GC_Intelligence\MILES_ENTERPRISE\CORE\AutonomousDiscoveryEngine.js","310","            const taskSpec = rule.createTask();"
"D:\P2GC_Intelligence\MILES_ENTERPRISE\CORE\ExecutionOrchestrator.js","38","        if (!workflowService || typeof workflowService.createWorkflow !== ""function"") {"
"D:\P2GC_Intelligence\MILES_ENTERPRISE\CORE\ExecutionOrchestrator.js","45","        const workflow = workflowService.createWorkflow(objective, context);"
"D:\P2GC_Intelligence\MILES_ENTERPRISE\CORE\miles.js","29","  const open = rows.filter(r => ['Queued', 'Active', 'Blocked'].includes(r.Status));"
"D:\P2GC_Intelligence\MILES_ENTERPRISE\CORE\miles.js","48","  console.log(`MILES next actions created: ${outputFile}`);"
"D:\P2GC_Intelligence\MILES_ENTERPRISE\CORE\RuntimeController.js","92","        const task = taskQueue.add("
"D:\P2GC_Intelligence\MILES_ENTERPRISE\CORE\RuntimeController.js","71","    async createWorkflow(objective, context = {}) {"
"D:\P2GC_Intelligence\MILES_ENTERPRISE\CORE\RuntimeController.js","72","        if (!workflowService || typeof workflowService.createWorkflow !== ""function"") {"
"D:\P2GC_Intelligence\MILES_ENTERPRISE\CORE\RuntimeController.js","79","        const workflow = workflowService.createWorkflow(objective, context);"
"D:\P2GC_Intelligence\MILES_ENTERPRISE\CORE\RuntimeController.js","194","                return this.createWorkflow("
"D:\P2GC_Intelligence\MILES_ENTERPRISE\CORE\Supervisor.js","98","                    blocked: 0,"
"D:\P2GC_Intelligence\MILES_ENTERPRISE\CORE\GATEWAY\CommandGateway.js","150","                    taskQueue.add("
"D:\P2GC_Intelligence\MILES_ENTERPRISE\CORE\GATEWAY\CommandGateway.js","125","                    typeof workflowService.createWorkflow === ""function"""
"D:\P2GC_Intelligence\MILES_ENTERPRISE\CORE\GATEWAY\CommandGateway.js","129","                        workflowService.createWorkflow("
"D:\P2GC_Intelligence\MILES_ENTERPRISE\CORE\GATEWAY\CommandGateway.js","144","                    error: ""WorkflowService.createWorkflow() not found."""
"D:\P2GC_Intelligence\MILES_ENTERPRISE\CORE\Runtime\MilesRuntime.js","26","      workflowsCreated: 0,"
"D:\P2GC_Intelligence\MILES_ENTERPRISE\CORE\Runtime\MilesRuntime.js","112","            workflowsCreated: 0,"
"D:\P2GC_Intelligence\MILES_ENTERPRISE\CORE\Runtime\MilesRuntime.js","132","          workflowsCreated: 0,"
"D:\P2GC_Intelligence\MILES_ENTERPRISE\CORE\Runtime\MilesRuntime.js","224","    const workflowResult = workflow.createWorkflow(objective, {"
"D:\P2GC_Intelligence\MILES_ENTERPRISE\PROVIDERS\providers\InstantlyProvider.js","77","                        created: c.timestamp_created,"
