"Category","RelativePath","SizeKB","LastWriteTime"
"OTHER_ACTIVE_CANDIDATE","AutonomousCOOLoopService.js","2.49","7/1/2026 1:31:42 AM"
"OTHER_ACTIVE_CANDIDATE","executive_dashboard.js","3.04","6/29/2026 1:58:10 PM"
"OTHER_ACTIVE_CANDIDATE","miles_connector_health.js","0.61","6/28/2026 9:31:10 PM"
"OTHER_ACTIVE_CANDIDATE","miles_google_accounts_health.js","0.92","6/29/2026 12:48:18 AM"
"OTHER_ACTIVE_CANDIDATE","OpenMilesBrowser.js","0.95","6/30/2026 1:17:02 PM"
"OTHER_ACTIVE_CANDIDATE","RunMarketingCOO.js","0.55","7/8/2026 5:00:06 PM"
"OTHER_ACTIVE_CANDIDATE","StartAutonomousCOO.js","3.46","7/6/2026 7:10:00 PM"
"OTHER_ACTIVE_CANDIDATE","StartMiles.js","3.75","6/30/2026 9:20:20 PM"
"OTHER_ACTIVE_CANDIDATE","StartMilesProduction.js","5.44","7/6/2026 3:35:54 PM"
"OTHER_ACTIVE_CANDIDATE","StartProductionSystem.js","2.32","7/7/2026 5:40:56 PM"
"OTHER_ACTIVE_CANDIDATE","StartSupervisor.js","0.16","6/30/2026 11:56:26 AM"
"OTHER_ACTIVE_CANDIDATE","TestAutonomousDiscoveryEngine.js","0.62","6/30/2026 2:02:14 PM"
"OTHER_ACTIVE_CANDIDATE","TestAutonomousLoop.js","0.53","6/30/2026 2:06:20 PM"
"OTHER_ACTIVE_CANDIDATE","TestBrowserOS.js","1.24","6/30/2026 1:10:22 PM"
"OTHER_ACTIVE_CANDIDATE","TestBrowserWorker.js","0.63","6/30/2026 1:49:58 PM"
"OTHER_ACTIVE_CANDIDATE","TestEngineeringManager.js","0.39","6/30/2026 2:19:42 PM"
"OTHER_ACTIVE_CANDIDATE","TestExecutionEngine.js","1","6/30/2026 1:58:26 PM"
"OTHER_ACTIVE_CANDIDATE","TestPersistentBrowserOS.js","1","6/30/2026 1:13:58 PM"
"OTHER_ACTIVE_CANDIDATE","TestSystemIntelligence.js","0.81","6/30/2026 12:51:58 PM"
"OTHER_ACTIVE_CANDIDATE","test_coo_orchestrator.js","0.63","7/1/2026 1:31:42 AM"
"OTHER_ACTIVE_CANDIDATE","test_executive_brief.js","0.43","6/30/2026 9:09:54 PM"
"OTHER_ACTIVE_CANDIDATE","test_executive_intelligence.js","0.34","6/30/2026 9:05:46 PM"
"OTHER_ACTIVE_CANDIDATE","test_marketing_provider.js","0.23","6/30/2026 7:22:48 PM"
"OTHER_ACTIVE_CANDIDATE","test_orion_provider.js","0.22","6/30/2026 9:02:16 PM"
"OTHER_ACTIVE_CANDIDATE","test_work_queue.js","0.78","7/1/2026 1:48:16 AM"
"OTHER_ACTIVE_CANDIDATE","RunEnterpriseInventory.js","0.08","7/8/2026 6:41:38 PM"
"OTHER_ACTIVE_CANDIDATE","BuildDuplicateReport.js","0.95","7/8/2026 6:44:04 PM"
"OTHER_ACTIVE_CANDIDATE","RunCanonicalCoreTest.js","0.69","7/8/2026 6:47:00 PM"
"OTHER_ACTIVE_CANDIDATE","RunMarketingEnterprise.js","0.52","7/8/2026 6:49:48 PM"
"OTHER_ACTIVE_CANDIDATE","RunEnterpriseStoreTest.js","0.68","7/8/2026 7:25:28 PM"
"OTHER_ACTIVE_CANDIDATE","RunSegmentImport.js","0.42","7/8/2026 7:28:20 PM"
"OTHER_ACTIVE_CANDIDATE","RunCampaignImport.js","0.56","7/8/2026 7:30:02 PM"
"OTHER_ACTIVE_CANDIDATE","RunMarketingAssignment.js","0.43","7/8/2026 7:31:48 PM"
"OTHER_ACTIVE_CANDIDATE","RunMarketingIntelligence.js","0.45","7/8/2026 7:34:14 PM"
"OTHER_ACTIVE_CANDIDATE","RunDomainInboxImport.js","0.44","7/8/2026 7:36:14 PM"
"OTHER_ACTIVE_CANDIDATE","RunMarketingCapacityPlan.js","0.43","7/8/2026 7:38:32 PM"
"OTHER_ACTIVE_CANDIDATE","PATCH_fix_decision_engine.js","1.85","7/8/2026 8:49:36 PM"
"OTHER_ACTIVE_CANDIDATE","PATCH_fix_decision_engine_safe.js","1.67","7/8/2026 8:51:46 PM"
"OTHER_ACTIVE_CANDIDATE","BuildEnterpriseRegistry.js","2.07","7/10/2026 11:16:12 PM"
"OTHER_ACTIVE_CANDIDATE","StartRuntimeRegistryService.js","1.2","7/10/2026 11:37:02 PM"
"OTHER_ACTIVE_CANDIDATE","RunInstantlyCOO.js","2.23","7/11/2026 2:41:02 PM"
"OTHER_ACTIVE_CANDIDATE","BuildMilesDeveloperIndex.js","18.9","7/11/2026 3:31:38 PM"
"ACTIVE_CORE","CORE\authority.js","0.72","6/29/2026 2:43:06 PM"
"ACTIVE_CORE","CORE\AutonomousDiscoveryEngine.js","11.17","6/30/2026 2:01:30 PM"
"ACTIVE_CORE","CORE\AutonomousLoop.js","4.5","6/30/2026 2:05:38 PM"
"ACTIVE_CORE","CORE\CommandQueue.js","3.9","7/3/2026 5:39:26 PM"
"ACTIVE_CORE","CORE\ConnectorManager.js","1.07","6/29/2026 12:42:48 AM"
"ACTIVE_CORE","CORE\Database.js","1.48","6/29/2026 2:43:06 PM"
"ACTIVE_CORE","CORE\EventBus.js","0.5","7/2/2026 12:49:40 PM"
"ACTIVE_CORE","CORE\ExecutionEngine.js","4.25","6/30/2026 1:57:50 PM"
"ACTIVE_CORE","CORE\ExecutionOrchestrator.js","4.2","6/30/2026 12:42:06 PM"
"ACTIVE_CORE","CORE\HealthDashboard.js","0.88","6/29/2026 12:42:48 AM"
"ACTIVE_CORE","CORE\logger.js","0.94","6/29/2026 5:52:38 PM"
"ACTIVE_CORE","CORE\miles.js","1.86","6/29/2026 2:43:06 PM"
"ACTIVE_CORE","CORE\RuntimeController.js","5.88","6/30/2026 12:35:36 PM"
"ACTIVE_CORE","CORE\Supervisor.js","5.13","6/30/2026 12:23:50 PM"
"ACTIVE_CORE","CORE\SystemIntelligence.js","6.53","6/30/2026 12:51:04 PM"
"ACTIVE_CORE","CORE\TaskQueue.js","7.33","7/4/2026 10:38:58 PM"
"ACTIVE_CORE","CORE\TestRuntimeController.js","0.71","6/30/2026 12:39:30 PM"
"ACTIVE_CORE","CORE\DepartmentRegistry.js","1.6","7/8/2026 9:58:28 PM"
"ACTIVE_CORE","CORE\BROWSER\BrowserManager.js","4.16","6/30/2026 1:16:18 PM"
"ACTIVE_CORE","CORE\BROWSER\BrowserWorker.js","2.9","6/30/2026 1:49:24 PM"
"ACTIVE_CORE","CORE\BROWSER\SessionManager.js","0.95","6/30/2026 1:08:50 PM"
"ACTIVE_CORE","CORE\CONFIG\BootstrapValidator.js","0.35","6/30/2026 11:24:44 AM"
"ACTIVE_CORE","CORE\CONFIG\ConfigurationManager.js","1.03","6/30/2026 11:35:38 AM"
"ACTIVE_CORE","CORE\Connectors\Ingestion\crmIngestor.js","0.38","7/2/2026 9:36:32 PM"
"ACTIVE_CORE","CORE\Connectors\Ingestion\gmailIngestor.js","0.37","7/2/2026 9:35:00 PM"
"ACTIVE_CORE","CORE\Connectors\Ingestion\instantlyIngestor.js","0.41","7/2/2026 9:36:04 PM"
"ACTIVE_CORE","CORE\ENGINEERING\EngineeringManager.js","5.36","6/30/2026 2:18:58 PM"
"ACTIVE_CORE","CORE\GATEWAY\CommandGateway.js","5.46","6/30/2026 12:33:38 PM"
"ACTIVE_CORE","CORE\Kernel\EventBus.js","0.89","7/2/2026 12:51:10 PM"
"ACTIVE_CORE","CORE\Kernel\HealthMonitor.js","0.89","6/29/2026 2:43:06 PM"
"ACTIVE_CORE","CORE\Kernel\MilesKernel.js","3.21","6/29/2026 7:24:04 PM"
"ACTIVE_CORE","CORE\Kernel\ServiceRegistry.js","5.39","7/9/2026 8:44:08 PM"
"ACTIVE_CORE","CORE\Kernel\StartMiles.js","0.18","6/29/2026 2:43:06 PM"
"ACTIVE_CORE","CORE\RECOVERY\RecoveryEngine.js","1.51","6/30/2026 11:54:14 AM"
"ACTIVE_CORE","CORE\STATE\ExecutiveState.js","2.69","6/30/2026 12:24:26 PM"
"ACTIVE_CORE","CORE\CANONICAL\Logger.js","0.76","7/8/2026 6:47:00 PM"
"ACTIVE_CORE","CORE\CANONICAL\EventBus.js","0.54","7/8/2026 6:47:00 PM"
"ACTIVE_CORE","CORE\CANONICAL\Registry.js","0.55","7/8/2026 6:47:00 PM"
"ACTIVE_CORE","CORE\CANONICAL\TaskQueue.js","1.81","7/8/2026 6:47:00 PM"
"ACTIVE_CORE","CORE\CANONICAL\Runtime.js","1.24","7/8/2026 6:47:00 PM"
"ACTIVE_CORE","CORE\CANONICAL\EnterpriseStore.js","21.9","7/8/2026 7:57:30 PM"
"ACTIVE_CORE","SERVICES\ActionAuditService.js","1.56","7/4/2026 2:09:10 AM"
"ACTIVE_CORE","SERVICES\ActionDispatcherService.js","3.99","7/4/2026 2:09:10 AM"
"ACTIVE_CORE","SERVICES\ActionEngineService.js","10.62","7/4/2026 2:09:10 AM"
"ACTIVE_CORE","SERVICES\ActionHistoryService.js","1.95","7/4/2026 2:09:10 AM"
"ACTIVE_CORE","SERVICES\ActionRetryService.js","0.94","7/4/2026 2:09:10 AM"
"ACTIVE_CORE","SERVICES\ActionVerificationService.js","2.25","7/4/2026 2:09:10 AM"
"ACTIVE_CORE","SERVICES\ATLASRuntimeInspector.js","7.19","7/4/2026 11:32:30 PM"
"ACTIVE_CORE","SERVICES\AutonomousCompanyOperatingSystem.js","5.16","7/2/2026 8:33:16 PM"
"ACTIVE_CORE","SERVICES\AutonomousCOOLoopService.backup.js","10.86","7/3/2026 4:54:18 PM"
"ACTIVE_CORE","SERVICES\AutonomousCOOLoopService.js","37.97","7/8/2026 1:51:24 PM"
"ACTIVE_CORE","SERVICES\AutonomousRevenueClosureLoop.js","2.27","7/3/2026 4:21:44 PM"
"ACTIVE_CORE","SERVICES\BaseProviderController.js","3.82","7/4/2026 2:18:28 AM"
"ACTIVE_CORE","SERVICES\BusinessExecutionEngineService.js","4.12","7/4/2026 2:49:28 AM"
"ACTIVE_CORE","SERVICES\BusinessOperationsBridgeService.js","13.69","7/10/2026 5:28:08 PM"
"ACTIVE_CORE","SERVICES\BusinessStateAggregator.js","2.11","7/3/2026 4:27:08 PM"
"ACTIVE_CORE","SERVICES\CapabilityRegistryService.js","17.47","7/4/2026 12:27:58 AM"
"ACTIVE_CORE","SERVICES\CapabilityService.js","2.08","7/1/2026 1:11:54 PM"
"ACTIVE_CORE","SERVICES\CodeRepairService.js","5.53","7/2/2026 3:02:26 PM"
"ACTIVE_CORE","SERVICES\CommandIntentPlannerService.js","10.98","7/9/2026 11:11:52 PM"
"ACTIVE_CORE","SERVICES\CompanyStateService.js","14.51","7/4/2026 1:04:08 AM"
"ACTIVE_CORE","SERVICES\ConfidenceScoringService.js","1.67","7/4/2026 1:55:46 AM"
"ACTIVE_CORE","SERVICES\ConnectorManager.js","0","6/29/2026 2:43:06 PM"
"ACTIVE_CORE","SERVICES\ConnectorRuntimeManager.js","6.23","7/5/2026 9:21:48 PM"
"ACTIVE_CORE","SERVICES\ContinuousCOOLoopService.js","8.57","7/4/2026 1:30:00 AM"
"ACTIVE_CORE","SERVICES\ControlledWriteAuditService.js","1.14","7/4/2026 2:44:14 AM"
"ACTIVE_CORE","SERVICES\ControlledWritePolicyService.js","4.59","7/4/2026 2:44:14 AM"
"ACTIVE_CORE","SERVICES\ControlledWriteService.js","2.5","7/4/2026 2:44:14 AM"
"ACTIVE_CORE","SERVICES\COOExecutiveLoopService.js","4.63","7/6/2026 2:36:12 PM"
"ACTIVE_CORE","SERVICES\COOOrchestratorService.js","5.56","7/6/2026 3:57:14 PM"
"ACTIVE_CORE","SERVICES\COO_V10_ClosureSystem.js","4.03","7/2/2026 7:29:36 PM"
"ACTIVE_CORE","SERVICES\COO_V11_RealWorldAgent.js","4.66","7/2/2026 7:31:50 PM"
"ACTIVE_CORE","SERVICES\COO_V12_AutonomousCompany.js","4.62","7/2/2026 7:34:28 PM"
"ACTIVE_CORE","SERVICES\COO_V9_ExecutionLayer.js","3.81","7/2/2026 7:27:56 PM"
"ACTIVE_CORE","SERVICES\DashboardDataService.js","18.09","7/9/2026 3:25:18 PM"
"ACTIVE_CORE","SERVICES\DashboardServerService.js","2.13","7/4/2026 1:48:24 AM"
"ACTIVE_CORE","SERVICES\DashboardService.js","2.41","6/29/2026 5:57:58 PM"
"ACTIVE_CORE","SERVICES\DealClosureEngine.js","4.32","7/2/2026 8:25:16 PM"
"ACTIVE_CORE","SERVICES\DecisionEngine.js","10.34","7/2/2026 1:19:50 PM"
"ACTIVE_CORE","SERVICES\DecisionLearningService.js","1.86","7/4/2026 1:55:46 AM"
"ACTIVE_CORE","SERVICES\DesktopServer.js","0.74","6/30/2026 3:57:18 PM"
"ACTIVE_CORE","SERVICES\EngineeringCOOService.js","11.34","7/2/2026 3:08:20 PM"
"ACTIVE_CORE","SERVICES\EngineeringImprovementService.js","14.88","7/6/2026 11:44:56 PM"
"ACTIVE_CORE","SERVICES\EngineeringPlannerService.js","7.5","7/2/2026 2:30:32 PM"
"ACTIVE_CORE","SERVICES\EscalationManagerService.js","0.81","7/4/2026 2:49:04 AM"
"ACTIVE_CORE","SERVICES\ExecutionAuditService.js","1.24","7/4/2026 2:49:04 AM"
"ACTIVE_CORE","SERVICES\ExecutionDispatcherService.js","2.73","7/4/2026 2:49:28 AM"
"ACTIVE_CORE","SERVICES\ExecutionMonitorService.js","0.87","7/4/2026 2:49:04 AM"
"ACTIVE_CORE","SERVICES\ExecutionPlannerService.js","4.35","7/4/2026 2:49:04 AM"
"ACTIVE_CORE","SERVICES\ExecutionPlanService.js","1.93","7/1/2026 1:38:34 PM"
"ACTIVE_CORE","SERVICES\ExecutionRouterService.js","2","7/2/2026 7:54:12 PM"
"ACTIVE_CORE","SERVICES\ExecutionSchedulerService.js","0.49","7/4/2026 2:49:04 AM"
"ACTIVE_CORE","SERVICES\ExecutionService.js","10.43","7/6/2026 11:19:22 PM"
"ACTIVE_CORE","SERVICES\ExecutiveBrainService.js","7.36","7/4/2026 12:58:22 AM"
"ACTIVE_CORE","SERVICES\ExecutiveBriefService.js","8.19","6/30/2026 9:08:50 PM"
"ACTIVE_CORE","SERVICES\ExecutiveDashboardService.js","12.29","7/4/2026 1:48:24 AM"
"ACTIVE_CORE","SERVICES\ExecutiveDispatcher.js","4.13","7/3/2026 5:53:02 PM"
"ACTIVE_CORE","SERVICES\ExecutiveIntelligenceService.js","4.91","7/9/2026 8:43:24 PM"
"ACTIVE_CORE","SERVICES\ExecutiveResponseService.js","5.69","7/6/2026 8:10:46 PM"
"ACTIVE_CORE","SERVICES\ExecutiveStateService.js","1.05","6/29/2026 8:22:48 PM"
"ACTIVE_CORE","SERVICES\FailureLearningService.js","1.96","7/4/2026 1:55:46 AM"
"ACTIVE_CORE","SERVICES\FileSystemProviderController.js","2.41","7/4/2026 2:18:28 AM"
"ACTIVE_CORE","SERVICES\GoogleWorkspaceProviderController.js","0.55","7/4/2026 2:18:28 AM"
"ACTIVE_CORE","SERVICES\HeartbeatService.js","1.2","7/4/2026 1:29:32 AM"
"ACTIVE_CORE","SERVICES\InstantlyActionBridgeService.js","3.38","7/4/2026 2:26:50 AM"
"ACTIVE_CORE","SERVICES\InstantlyApiClient.js","3.48","7/4/2026 2:26:50 AM"
"ACTIVE_CORE","SERVICES\InstantlyControlledWriteService.js","6.52","7/4/2026 2:44:14 AM"
"ACTIVE_CORE","SERVICES\InstantlyLiveIntegrationService.js","2.59","7/4/2026 2:26:50 AM"
"ACTIVE_CORE","SERVICES\InstantlyLiveProviderController.js","7.51","7/4/2026 2:26:50 AM"
"ACTIVE_CORE","SERVICES\InstantlyProviderCompatibilityService.js","5.04","7/4/2026 2:58:22 AM"
"ACTIVE_CORE","SERVICES\InstantlyProviderController.js","0.71","7/4/2026 2:18:28 AM"
"ACTIVE_CORE","SERVICES\JsonFileService.js","1.09","7/4/2026 1:29:10 AM"
"ACTIVE_CORE","SERVICES\LearningDataService.js","2.91","7/9/2026 6:00:10 PM"
"ACTIVE_CORE","SERVICES\LiveAutonomousBusinessMode.js","4.1","7/2/2026 8:32:18 PM"
"ACTIVE_CORE","SERVICES\LiveProductionExecutionSystem.js","4.25","7/2/2026 9:00:18 PM"
"ACTIVE_CORE","SERVICES\LoopSchedulerService.js","1.12","7/4/2026 1:30:00 AM"
"ACTIVE_CORE","SERVICES\MemoryService.js","1.21","6/29/2026 2:43:06 PM"
"ACTIVE_CORE","SERVICES\MilesAdaptiveRealTimeIntelligenceSystem.js","4.25","7/2/2026 9:02:54 PM"
"ACTIVE_CORE","SERVICES\MilesSelfLearningCompanyAI.js","4.24","7/2/2026 9:01:18 PM"
"ACTIVE_CORE","SERVICES\NamecheapProviderController.js","0.59","7/4/2026 2:18:28 AM"
"ACTIVE_CORE","SERVICES\OrionProviderController.js","0.48","7/4/2026 2:18:28 AM"
"ACTIVE_CORE","SERVICES\OutboundService.js","17.95","6/30/2026 9:20:20 PM"
"ACTIVE_CORE","SERVICES\PlannerService.js","4.3","7/1/2026 9:09:20 PM"
"ACTIVE_CORE","SERVICES\PriorityOptimizationService.js","1.61","7/4/2026 1:55:46 AM"
"ACTIVE_CORE","SERVICES\ProductionCOOEngine.js","1.76","7/3/2026 6:27:00 PM"
"ACTIVE_CORE","SERVICES\ProviderAuthorityRegistryService.js","8.94","7/4/2026 2:58:22 AM"
"ACTIVE_CORE","SERVICES\ProviderCapabilityBindingService.js","2.55","7/4/2026 2:58:22 AM"
"ACTIVE_CORE","SERVICES\ProviderControllerExecutionService.js","2.06","7/4/2026 2:18:50 AM"
"ACTIVE_CORE","SERVICES\ProviderControllerHealthService.js","1.25","7/4/2026 2:18:50 AM"
"ACTIVE_CORE","SERVICES\ProviderControllerRegistryService.js","2.24","7/4/2026 2:18:50 AM"
"ACTIVE_CORE","SERVICES\ProviderInterfaceAdapterService.js","2.24","7/4/2026 2:58:22 AM"
"ACTIVE_CORE","SERVICES\ProviderRegistryService.js","12.13","7/4/2026 2:09:10 AM"
"ACTIVE_CORE","SERVICES\ProviderRouterService.js","6.13","7/1/2026 9:03:48 PM"
"ACTIVE_CORE","SERVICES\ProviderSynchronizationService.js","4.92","7/4/2026 2:58:22 AM"
"ACTIVE_CORE","SERVICES\QueueRecoveryService.js","4.92","7/4/2026 1:29:32 AM"
"ACTIVE_CORE","SERVICES\RealWorldIntegrationLayer.js","3.42","7/2/2026 8:30:42 PM"
"ACTIVE_CORE","SERVICES\RecommendationEngineService.js","1.84","7/4/2026 1:55:46 AM"
"ACTIVE_CORE","SERVICES\ReplyIntelligenceEngine.js","4.75","7/2/2026 8:18:52 PM"
"ACTIVE_CORE","SERVICES\RepositoryRegistryService.js","20.54","7/4/2026 12:18:54 AM"
"ACTIVE_CORE","SERVICES\RepositorySearchService.js","7.64","7/7/2026 10:55:50 AM"
"ACTIVE_CORE","SERVICES\RestartGuardianService.js","1.54","7/4/2026 1:30:00 AM"
"ACTIVE_CORE","SERVICES\RetryManagerService.js","0.61","7/4/2026 2:49:04 AM"
"ACTIVE_CORE","SERVICES\RoutingLearningService.js","2.08","7/4/2026 1:55:46 AM"
"ACTIVE_CORE","SERVICES\RuntimeHealthService.js","2.22","7/4/2026 1:29:32 AM"
"ACTIVE_CORE","SERVICES\RuntimeRecoveryService.js","3.1","7/4/2026 11:23:32 PM"
"ACTIVE_CORE","SERVICES\SchedulerService.js","1.37","6/29/2026 7:19:44 PM"
"ACTIVE_CORE","SERVICES\SelfEngineeringService.js","2.37","7/2/2026 3:05:58 PM"
"ACTIVE_CORE","SERVICES\SelfLearningService.js","5.11","7/4/2026 1:55:46 AM"
"ACTIVE_CORE","SERVICES\SelfMaintenanceService.js","10.85","7/6/2026 11:32:32 PM"
"ACTIVE_CORE","SERVICES\StartProductionSystem.js","2.34","7/7/2026 5:32:56 PM"
"ACTIVE_CORE","SERVICES\SystemRootGuard.js","3.31","7/2/2026 6:36:48 PM"
"ACTIVE_CORE","SERVICES\TaskManager.js","0.67","6/29/2026 7:01:54 PM"
"ACTIVE_CORE","SERVICES\TaskRouterService.js","9.94","7/4/2026 1:07:56 AM"
"ACTIVE_CORE","SERVICES\TestRunnerService.js","4.47","7/2/2026 3:03:40 PM"
"ACTIVE_CORE","SERVICES\test_autonomous_coo_loop.js","0.33","7/1/2026 1:31:42 AM"
"ACTIVE_CORE","SERVICES\TimeUtil.js","0.57","7/4/2026 1:29:10 AM"
"ACTIVE_CORE","SERVICES\WebsiteProviderController.js","0.49","7/4/2026 2:18:28 AM"
"ACTIVE_CORE","SERVICES\WorkflowService.js","2.06","7/7/2026 6:15:20 PM"
"ACTIVE_CORE","SERVICES\WorkforceExecutionService.js","18.53","7/2/2026 4:34:18 PM"
"ACTIVE_CORE","SERVICES\WorkforceService.js","2.87","6/29/2026 8:15:44 PM"
"ACTIVE_CORE","SERVICES\WorkPackageService.js","2.27","6/29/2026 8:33:38 PM"
"ACTIVE_CORE","SERVICES\WorkQueueService.js","21.56","7/8/2026 4:25:26 PM"
"ACTIVE_CORE","SERVICES\WorkerExecutionBridge.js","1.59","7/9/2026 12:42:30 PM"
"ACTIVE_CORE","SERVICES\WorkerRegistry.js","0.46","7/9/2026 12:39:58 PM"
"ACTIVE_CORE","SERVICES\WorkerBootstrap.js","1.27","7/9/2026 2:39:38 PM"
"ACTIVE_CORE","SERVICES\ExecutiveMissionRouter.js","2.14","7/9/2026 2:47:32 PM"
"ACTIVE_CORE","SERVICES\DepartmentMissionAdapter.js","0.87","7/9/2026 2:48:24 PM"
"ACTIVE_CORE","SERVICES\DepartmentBootstrap.js","0.44","7/9/2026 2:52:36 PM"
"ACTIVE_CORE","SERVICES\MissionLifecycleService.js","3.09","7/9/2026 3:48:34 PM"
"ACTIVE_CORE","SERVICES\MissionSupervisor.js","1.65","7/9/2026 3:05:48 PM"
"ACTIVE_CORE","SERVICES\ResolutionEngine.js","1.47","7/9/2026 4:01:38 PM"
"ACTIVE_CORE","SERVICES\ResolutionMemoryService.js","1.48","7/9/2026 3:59:18 PM"
"ACTIVE_CORE","SERVICES\ConfigService.js","1.59","7/9/2026 6:10:14 PM"
"ACTIVE_CORE","SERVICES\CapabilityRegistry.js","1.43","7/9/2026 6:14:24 PM"
"ACTIVE_CORE","SERVICES\AssetRegistry.js","0.92","7/9/2026 6:17:48 PM"
"ACTIVE_CORE","SERVICES\ExecutiveEnvironmentService.js","0.91","7/9/2026 6:21:40 PM"
"ACTIVE_CORE","SERVICES\MissionCapabilityResolver.js","1.14","7/9/2026 6:24:36 PM"
"ACTIVE_CORE","SERVICES\WorkerSelector.js","1.09","7/9/2026 6:30:08 PM"
"ACTIVE_CORE","SERVICES\WorkerContract.js","1.09","7/9/2026 6:32:26 PM"
"ACTIVE_CORE","SERVICES\BusinessWorker.js","1.26","7/9/2026 6:34:02 PM"
"ACTIVE_CORE","SERVICES\RuntimeActivationAuditService.js","3.36","7/9/2026 6:39:38 PM"
"ACTIVE_CORE","SERVICES\InstantlyCampaignInventoryService.js","4.64","7/9/2026 7:37:12 PM"
"ACTIVE_CORE","SERVICES\InstantlyExecutiveAdvisor.js","4.54","7/9/2026 7:50:04 PM"
"ACTIVE_CORE","SERVICES\MissionCreationService.js","5.97","7/9/2026 8:04:14 PM"
"ACTIVE_CORE","SERVICES\RuntimeConsolidationAuditService.js","5.84","7/9/2026 8:34:30 PM"
"ACTIVE_CORE","SERVICES\EnterpriseRuntimeManager.js","4.48","7/9/2026 8:37:08 PM"
"ACTIVE_CORE","SERVICES\BusinessOperationsBridgeService.backup_20260710_172805.js","8.82","7/7/2026 12:14:38 PM"
"ACTIVE_CORE","SERVICES\Browser\BrowserSessionEnroller.js","2.28","7/1/2026 3:43:20 PM"
"ACTIVE_CORE","SERVICES\Browser\BrowserSessionManager.js","3.52","7/1/2026 3:27:50 PM"
"ACTIVE_CORE","SERVICES\Browser\Workers\InstantlyCampaignOperator.js","12.68","7/2/2026 4:34:18 PM"
"ACTIVE_CORE","SERVICES\capability_builder\AutonomousCapabilityBuilderService.js","8.11","7/10/2026 1:32:48 PM"
"ACTIVE_CORE","SERVICES\capability_engine\CapabilityDeploymentEngine.js","23.58","7/5/2026 9:39:46 PM"
"ACTIVE_CORE","SERVICES\capability_engine\CapabilityDeploymentEngineManager.js","8.77","7/5/2026 9:42:14 PM"
"ACTIVE_CORE","SERVICES\connector_runtime\ConnectorRuntime.js","24.73","7/11/2026 2:21:48 PM"
"ACTIVE_CORE","SERVICES\connector_runtime\ConnectorRuntimeManager.js","6.58","7/5/2026 11:11:34 PM"
"ACTIVE_CORE","SERVICES\Decision\ApprovalEngine.js","0.62","7/1/2026 1:35:14 PM"
"ACTIVE_CORE","SERVICES\Decision\AuthorityEngine.js","1.01","7/1/2026 1:33:12 PM"
"ACTIVE_CORE","SERVICES\Decision\ConfidenceEngine.js","0.68","7/1/2026 1:34:46 PM"
"ACTIVE_CORE","SERVICES\Decision\DecisionEngine.js","1.09","7/1/2026 1:35:38 PM"
"ACTIVE_CORE","SERVICES\Decision\PolicyEngine.js","0.89","7/1/2026 1:34:16 PM"
"ACTIVE_CORE","SERVICES\Decision\RiskEngine.js","0.85","7/1/2026 1:33:44 PM"
"ACTIVE_CORE","SERVICES\decision_engine\AutonomousDecisionEngine.js","19.65","7/5/2026 9:35:14 PM"
"ACTIVE_CORE","SERVICES\decision_engine\AutonomousDecisionEngineManager.js","8.71","7/5/2026 9:36:46 PM"
"ACTIVE_CORE","SERVICES\digital_coo\COOBusinessStateEngine.js","19.2","7/5/2026 10:41:54 PM"
"ACTIVE_CORE","SERVICES\digital_coo\COOExecutionLoop.js","15.44","7/5/2026 10:36:44 PM"
"ACTIVE_CORE","SERVICES\digital_coo\COOGoalEngine.js","12.53","7/5/2026 10:34:38 PM"
"ACTIVE_CORE","SERVICES\digital_coo\DigitalCOOHost.js","28.13","7/9/2026 10:43:34 PM"
"ACTIVE_CORE","SERVICES\digital_coo\DigitalCOORuntime.js","22.59","7/9/2026 11:00:26 PM"
"ACTIVE_CORE","SERVICES\digital_coo\DigitalCOORuntimeManager.js","16.31","7/5/2026 9:31:30 PM"
"ACTIVE_CORE","SERVICES\digital_coo\MarketingCOOService.js","5.11","7/8/2026 5:00:06 PM"
"ACTIVE_CORE","SERVICES\digital_coo\MilesCommandCenter.js","14.77","7/7/2026 12:14:38 PM"
"ACTIVE_CORE","SERVICES\digital_coo\MilesExecutionTracer.js","4.44","7/5/2026 11:27:52 PM"
"ACTIVE_CORE","SERVICES\digital_coo\InstantlyCOOService.js","25.58","7/11/2026 2:40:22 PM"
"ACTIVE_CORE","SERVICES\Discovery\DiscoveryEngine.js","9.74","7/1/2026 8:54:20 PM"
"ACTIVE_CORE","SERVICES\Discovery\MarketingDiscovery.js","1.74","7/1/2026 2:27:02 PM"
"ACTIVE_CORE","SERVICES\Discovery\OrionDiscovery.js","1.59","7/1/2026 2:27:38 PM"
"ACTIVE_CORE","SERVICES\Events\EventBus.js","3.41","7/1/2026 1:44:06 PM"
"ACTIVE_CORE","SERVICES\Events\EventTypes.js","0.32","7/1/2026 1:50:06 PM"
"ACTIVE_CORE","SERVICES\Executive\CEOApprovalQueue.js","4.07","7/1/2026 3:22:24 PM"
"ACTIVE_CORE","SERVICES\Learning\ConfidenceAdjuster.js","0.62","7/1/2026 2:09:04 PM"
"ACTIVE_CORE","SERVICES\Learning\DecisionHistory.js","0.92","7/1/2026 2:09:30 PM"
"ACTIVE_CORE","SERVICES\Learning\LearningEngine.js","1.29","7/1/2026 2:05:48 PM"
"ACTIVE_CORE","SERVICES\Learning\PerformanceScorer.js","0.76","7/1/2026 2:08:36 PM"
"ACTIVE_CORE","SERVICES\learning_engine\LearningEngine.js","11.24","7/5/2026 9:25:02 PM"
"ACTIVE_CORE","SERVICES\learning_engine\LearningEngineManager.js","10.04","7/5/2026 9:26:44 PM"
"ACTIVE_CORE","SERVICES\Memory\OperationalMemoryService.js","2.41","7/1/2026 1:58:34 PM"
"ACTIVE_CORE","SERVICES\operation_kernel\OperationExecutionKernel.js","5.64","7/5/2026 8:58:10 PM"
"ACTIVE_CORE","SERVICES\Planning\BasePlanner.js","1.26","7/1/2026 1:08:04 PM"
"ACTIVE_CORE","SERVICES\Planning\ExecutivePlanner.js","2.27","7/1/2026 1:10:00 PM"
"ACTIVE_CORE","SERVICES\Planning\MarketingPlanner.js","3.24","7/1/2026 1:08:50 PM"
"ACTIVE_CORE","SERVICES\Planning\OrionPlanner.js","6.57","7/1/2026 9:27:50 PM"
"ACTIVE_CORE","SERVICES\Planning\PlannerRegistry.js","0.89","7/1/2026 1:10:34 PM"
"ACTIVE_CORE","SERVICES\Supervisor\ExecutiveSupervisor.js","0.68","7/1/2026 2:39:40 PM"
"ACTIVE_CORE","SERVICES\workers\BaseCOOWorker.js","11.68","7/5/2026 9:54:30 PM"
"ACTIVE_CORE","SERVICES\workers\GoogleWorkspaceCOOWorker.js","26.34","7/5/2026 10:06:20 PM"
"ACTIVE_CORE","SERVICES\workers\InstantlyCOOWorker.js","28.37","7/5/2026 9:59:44 PM"
"ACTIVE_CORE","SERVICES\workers\NamecheapCOOWorker.js","25.45","7/5/2026 10:08:44 PM"
"ACTIVE_CORE","SERVICES\workers\WebsiteCOOWorker.js","24.87","7/5/2026 9:56:50 PM"
"ACTIVE_CORE","SERVICES\worker_runtime\AutonomousWorkerScheduler.js","19","7/5/2026 9:49:10 PM"
"ACTIVE_CORE","SERVICES\worker_runtime\AutonomousWorkOrchestrator.js","32.09","7/5/2026 10:13:36 PM"
"ACTIVE_CORE","SERVICES\worker_runtime\AutonomousWorkOrchestratorManager.js","8.66","7/5/2026 10:14:46 PM"
"ACTIVE_CORE","SERVICES\worker_runtime\BaseAutonomousWorker.js","16.19","7/5/2026 9:46:04 PM"
"ACTIVE_CORE","SERVICES\worker_runtime\TaskExecutionWorker.js","12.81","7/9/2026 11:29:16 PM"
"ACTIVE_CORE","SERVICES\worker_runtime\WorkerDispatcher.js","6.31","7/5/2026 11:06:56 PM"
"ACTIVE_CORE","SERVICES\worker_runtime\WorkerRegistry.js","7.36","7/5/2026 11:02:40 PM"
"ACTIVE_CORE","SERVICES\worker_runtime\WorkerRuntime.js","7.99","7/8/2026 4:26:00 PM"
"ACTIVE_CORE","SERVICES\worker_runtime\WorkerRuntimeManager.js","6.34","7/5/2026 9:15:02 PM"
"ACTIVE_CORE","SERVICES\engineering\RepositoryInventoryService.js","4.63","7/8/2026 6:41:38 PM"
"ACTIVE_CORE","SERVICES\WORKER_ADAPTERS\AtlasWorkerAdapter.js","0.45","7/9/2026 12:45:22 PM"
"ACTIVE_CORE","SERVICES\WORKER_ADAPTERS\ArchitectAdapter.js","0.29","7/9/2026 12:48:14 PM"
"ACTIVE_CORE","SERVICES\WORKER_ADAPTERS\BuilderAdapter.js","0.29","7/9/2026 12:50:00 PM"
"ACTIVE_CORE","SERVICES\WORKER_ADAPTERS\ValidatorAdapter.js","0.27","7/9/2026 12:57:58 PM"
"ACTIVE_CORE","SERVICES\WORKER_ADAPTERS\TesterAdapter.js","0.37","7/9/2026 2:35:36 PM"
"ACTIVE_CORE","SERVICES\WORKER_ADAPTERS\DeployerAdapter.js","0","7/9/2026 2:36:13 PM"
"ACTIVE_CORE","SERVICES\WORKER_ADAPTERS\RecoveryAdapter.js","0.47","7/9/2026 2:38:44 PM"
"ACTIVE_CORE","SERVICES\registry\EnterpriseComponentRegistryService.js","8.94","7/10/2026 11:16:12 PM"
"ACTIVE_CORE","SERVICES\registry\EnterpriseCapabilityRegistryService.js","7.7","7/10/2026 11:16:12 PM"
"ACTIVE_CORE","SERVICES\runtime_registry\RuntimeRegistryService.js","36.46","7/10/2026 9:02:00 PM"
"ACTIVE_CORE","SERVICES\runtime_registry\RuntimeRegistryClient.js","2.24","7/10/2026 11:37:02 PM"
"OTHER_ACTIVE_CANDIDATE","PROVIDERS\StartProductionSystem.js","3.96","7/2/2026 8:17:38 PM"
"OTHER_ACTIVE_CANDIDATE","PROVIDERS\BaseProvider.js","0.39","7/8/2026 8:11:56 PM"
"OTHER_ACTIVE_CANDIDATE","PROVIDERS\InstantlyProvider.js","1.79","7/8/2026 8:27:48 PM"
"OTHER_ACTIVE_CANDIDATE","PROVIDERS\ProviderRegistry.js","0.59","7/8/2026 8:11:56 PM"
"OTHER_ACTIVE_CANDIDATE","PROVIDERS\contracts\IDataProvider.js","1.85","6/30/2026 7:12:36 PM"
"OTHER_ACTIVE_CANDIDATE","PROVIDERS\providers\InstantlyProvider.js","3.8","7/8/2026 2:21:02 PM"
"OTHER_ACTIVE_CANDIDATE","PROVIDERS\providers\MarketingProvider.js","3.68","6/30/2026 7:21:32 PM"
"OTHER_ACTIVE_CANDIDATE","PROVIDERS\providers\OrionProvider.js","4.47","7/3/2026 4:45:58 PM"
"OTHER_ACTIVE_CANDIDATE","PROVIDERS\providers\WebsiteProvider.js","1.8","7/8/2026 2:20:22 PM"
"OTHER_ACTIVE_CANDIDATE","PROVIDERS\registry\ProviderRegistry.js","2.24","6/30/2026 7:10:52 PM"
"ACTIVE_CORE","CONNECTORS\GOOGLE\account_manager.js","5.24","6/29/2026 12:48:18 AM"
"ACTIVE_CORE","CONNECTORS\GOOGLE\auth.js","2","6/28/2026 7:56:04 PM"
"ACTIVE_CORE","CONNECTORS\GOOGLE\calendar.js","0","6/28/2026 7:52:50 PM"
"ACTIVE_CORE","CONNECTORS\GOOGLE\config.js","0.59","6/28/2026 8:33:44 PM"
"ACTIVE_CORE","CONNECTORS\GOOGLE\contacts.js","0","6/28/2026 7:53:26 PM"
"ACTIVE_CORE","CONNECTORS\GOOGLE\drive.js","0","6/28/2026 7:53:08 PM"
"ACTIVE_CORE","CONNECTORS\GOOGLE\gmail.js","1.47","6/28/2026 8:39:20 PM"
"ACTIVE_CORE","CONNECTORS\GOOGLE\index.js","0.83","6/29/2026 12:48:18 AM"
"ACTIVE_CORE","CONNECTORS\GOOGLE\workspace.js","1.91","6/29/2026 12:48:18 AM"
"ACTIVE_CORE","CONNECTORS\GOOGLE\miles_google_account_manager_dropin\miles_google_accounts_health.js","0.92","6/29/2026 12:48:18 AM"
"ACTIVE_CORE","CONNECTORS\GOOGLE\miles_google_account_manager_dropin\CONNECTORS\GOOGLE\account_manager.js","5.24","6/29/2026 12:48:18 AM"
"ACTIVE_CORE","CONNECTORS\GOOGLE\miles_google_account_manager_dropin\CONNECTORS\GOOGLE\index.js","0.83","6/29/2026 12:48:18 AM"
"ACTIVE_CORE","CONNECTORS\GOOGLE\miles_google_account_manager_dropin\CONNECTORS\GOOGLE\workspace.js","1.91","6/29/2026 12:48:18 AM"
"ACTIVE_CORE","CONNECTORS\GOOGLE\miles_google_connector_pack\miles_google_connector_pack\CONNECTORS\GOOGLE\auth.js","2.42","6/29/2026 12:04:50 AM"
"ACTIVE_CORE","CONNECTORS\GOOGLE\miles_google_connector_pack\miles_google_connector_pack\CONNECTORS\GOOGLE\calendar.js","1.14","6/29/2026 12:04:50 AM"
"ACTIVE_CORE","CONNECTORS\GOOGLE\miles_google_connector_pack\miles_google_connector_pack\CONNECTORS\GOOGLE\config.js","1.13","6/29/2026 12:04:50 AM"
"ACTIVE_CORE","CONNECTORS\GOOGLE\miles_google_connector_pack\miles_google_connector_pack\CONNECTORS\GOOGLE\contacts.js","0.96","6/29/2026 12:04:50 AM"
"ACTIVE_CORE","CONNECTORS\GOOGLE\miles_google_connector_pack\miles_google_connector_pack\CONNECTORS\GOOGLE\drive.js","0.84","6/29/2026 12:04:50 AM"
"ACTIVE_CORE","CONNECTORS\GOOGLE\miles_google_connector_pack\miles_google_connector_pack\CONNECTORS\GOOGLE\gmail.js","1.35","6/29/2026 12:04:50 AM"
"ACTIVE_CORE","CONNECTORS\GOOGLE\miles_google_connector_pack\miles_google_connector_pack\CONNECTORS\GOOGLE\health.js","1.28","6/29/2026 12:04:50 AM"
"ACTIVE_CORE","CONNECTORS\GOOGLE\miles_google_connector_pack\miles_google_connector_pack\CONNECTORS\GOOGLE\index.js","0.2","6/29/2026 12:04:50 AM"
"ACTIVE_CORE","CONNECTORS\INSTANTLY\connector.js","6.53","7/11/2026 2:33:02 PM"
"ACTIVE_CORE","CONNECTORS\INSTANTLY\instantly.js","13.89","7/11/2026 2:32:32 PM"
"ACTIVE_CORE","CONNECTORS\MILES\connector.js","0.57","7/10/2026 1:34:36 PM"
"ACTIVE_CORE","CONNECTORS\ORION\connector.js","8.12","7/6/2026 7:19:10 PM"
"ACTIVE_CORE","CONNECTORS\Real\crmClient.js","0.44","7/2/2026 10:15:00 PM"
"ACTIVE_CORE","CONNECTORS\Real\gmailListener.js","0.99","7/2/2026 10:14:00 PM"
"ACTIVE_CORE","CONNECTORS\Real\instantlyClient.js","0.45","7/2/2026 10:14:30 PM"
"ACTIVE_CORE","CONNECTORS\WEBSITE\website.js","2.75","7/2/2026 3:47:54 PM"
"ACTIVE_CORE","CONNECTORS\WEBSITE_B12\B12_PLAYWRIGHT_OBSERVER.js","1","6/28/2026 3:43:38 PM"
"ACTIVE_CORE","CONNECTORS\WEBSITE_B12\controller.js","1.25","6/29/2026 2:43:06 PM"
"ACTIVE_CORE","CONNECTORS\WEBSITE_B12\modules\audit.js","1.13","6/29/2026 2:43:06 PM"
"ACTIVE_CORE","CONNECTORS\WEBSITE_B12\modules\browser.js","0.2","6/29/2026 2:43:06 PM"
"ACTIVE_CORE","CONNECTORS\WEBSITE_B12\modules\logger.js","0.4","6/29/2026 2:43:06 PM"
"ACTIVE_CORE","CONNECTORS\WEBSITE_B12\modules\paths.js","0.49","6/29/2026 2:43:06 PM"
"ACTIVE_CORE","CONNECTORS\WEBSITE_B12\modules\screenshots.js","0.43","6/29/2026 2:43:06 PM"
"ACTIVE_CORE","CONNECTORS\WEBSITE_B12\modules\session.js","0.58","6/29/2026 2:43:06 PM"
"ACTIVE_CORE","WORKERS\atlasWorker.js","0.77","7/3/2026 5:25:18 PM"
"ACTIVE_CORE","WORKERS\commandWorker.js","0.64","7/3/2026 5:40:28 PM"
"ACTIVE_CORE","WORKERS\cooWorker.js","1","7/10/2026 1:07:40 PM"
"ACTIVE_CORE","WORKERS\dealWorker.js","0.35","7/2/2026 10:17:32 PM"
"ACTIVE_CORE","WORKERS\dispatcherWorker.js","0.75","7/3/2026 5:53:32 PM"
"ACTIVE_CORE","WORKERS\replyWorker.js","0.33","7/2/2026 10:17:04 PM"
"ACTIVE_CORE","WORKERS\revenueWorker.js","0.55","7/3/2026 6:27:00 PM"
"ACTIVE_CORE","API\server.js","0.24","6/29/2026 2:43:06 PM"
"ACTIVE_CORE","API\API\memory.routes.js","0.61","6/29/2026 2:43:06 PM"
"OTHER_ACTIVE_CANDIDATE","AI\MilesBrain.js","0","6/29/2026 2:43:04 PM"
"OTHER_ACTIVE_CANDIDATE","AUTOMATIONS\Scheduler.js","0","6/29/2026 2:43:06 PM"
"OTHER_ACTIVE_CANDIDATE","DIGITAL_COO\SegmentRegistry.js","5.93","7/8/2026 7:11:52 PM"
"OTHER_ACTIVE_CANDIDATE","DIGITAL_COO\RunSegmentRegistry.js","0.79","7/8/2026 7:14:40 PM"
"OTHER_ACTIVE_CANDIDATE","DIGITAL_COO\Marketing\MarketingCOO.js","10.77","7/8/2026 7:04:56 PM"
"OTHER_ACTIVE_CANDIDATE","DIGITAL_COO\Marketing\SegmentImporter.js","5.66","7/8/2026 7:28:20 PM"
"OTHER_ACTIVE_CANDIDATE","DIGITAL_COO\Marketing\CampaignImporter.js","1.36","7/8/2026 7:30:02 PM"
"OTHER_ACTIVE_CANDIDATE","DIGITAL_COO\Marketing\MarketingAssignmentEngine.js","3.93","7/8/2026 7:31:48 PM"
"OTHER_ACTIVE_CANDIDATE","DIGITAL_COO\Marketing\MarketingIntelligenceEngine.js","4.62","7/8/2026 7:34:12 PM"
"OTHER_ACTIVE_CANDIDATE","DIGITAL_COO\Marketing\DomainInboxImporter.js","4.1","7/8/2026 7:36:12 PM"
"OTHER_ACTIVE_CANDIDATE","DIGITAL_COO\Marketing\MarketingCapacityPlanner.js","4.53","7/8/2026 7:38:32 PM"
"OTHER_ACTIVE_CANDIDATE","DIGITAL_COO\Marketing\MarketingUploadQueueEngine.js","6.91","7/8/2026 8:43:48 PM"
"OTHER_ACTIVE_CANDIDATE","DIGITAL_COO\Marketing\RunMarketingUploadQueueEngine.js","0.3","7/8/2026 7:44:30 PM"
"OTHER_ACTIVE_CANDIDATE","DIGITAL_COO\Engineering\EngineeringCOO.js","0.96","7/8/2026 9:49:36 PM"
"OTHER_ACTIVE_CANDIDATE","DIGITAL_COO\Engineering\EngineeringPlanner.js","1.15","7/8/2026 9:50:16 PM"
"OTHER_ACTIVE_CANDIDATE","DIGITAL_COO\Engineering\EngineeringAssignmentEngine.js","1.48","7/8/2026 9:50:54 PM"
"OTHER_ACTIVE_CANDIDATE","DIGITAL_COO\Engineering\EngineeringCapacityPlanner.js","1.61","7/8/2026 9:51:36 PM"
"OTHER_ACTIVE_CANDIDATE","DIGITAL_COO\Engineering\EngineeringRegistry.js","1.33","7/8/2026 9:53:10 PM"
"OTHER_ACTIVE_CANDIDATE","DIGITAL_COO\Engineering\RunEngineeringCOO.js","1.1","7/8/2026 9:54:14 PM"
"OTHER_ACTIVE_CANDIDATE","DIGITAL_COO\Engineering\EngineeringProjectQueue.js","1.37","7/8/2026 10:08:12 PM"
"OTHER_ACTIVE_CANDIDATE","DIGITAL_COO\Engineering\EngineeringOrchestrator.js","1.39","7/9/2026 12:25:42 PM"
"OTHER_ACTIVE_CANDIDATE","DIGITAL_COO\Engineering\EngineeringWorkerBridge.js","0.88","7/9/2026 12:26:58 PM"
"OTHER_ACTIVE_CANDIDATE","DIGITAL_COO\Engineering\EngineeringMissionAdapter.js","0.67","7/9/2026 12:32:12 PM"
"OTHER_ACTIVE_CANDIDATE","DIGITAL_COO\Engineering\EngineeringDepartment.js","0.5","7/9/2026 2:51:18 PM"
"OTHER_ACTIVE_CANDIDATE","MIGRATIONS\migrate_upload_queue_to_canonical.js","3.72","7/8/2026 8:06:40 PM"
"ACTIVE_CORE","GOVERNANCE\ApprovalQueueEngine.js","5.31","7/8/2026 8:09:18 PM"
"ACTIVE_CORE","GOVERNANCE\RunApprovalQueue.js","0.35","7/8/2026 8:09:18 PM"
"ACTIVE_CORE","GOVERNANCE\ApprovalCommand.js","2.6","7/8/2026 8:14:50 PM"
"OTHER_ACTIVE_CANDIDATE","EXECUTION\MarketingExecutionEngine.js","1.9","7/8/2026 8:11:56 PM"
"OTHER_ACTIVE_CANDIDATE","EXECUTION\RunMarketingExecutionEngine.js","0.37","7/8/2026 8:11:56 PM"
"OTHER_ACTIVE_CANDIDATE","SCHEDULER\EnterpriseScheduler.js","3.03","7/8/2026 8:18:42 PM"
"OTHER_ACTIVE_CANDIDATE","SCHEDULER\RunSchedulerSmokeTest.js","0.65","7/8/2026 8:18:42 PM"
"OTHER_ACTIVE_CANDIDATE","SCHEDULER\MarketingWorkflow.js","0.69","7/8/2026 8:19:28 PM"
"OTHER_ACTIVE_CANDIDATE","SCHEDULER\RunMarketingWorkflow.js","0.78","7/8/2026 8:19:28 PM"
"OTHER_ACTIVE_CANDIDATE","SCHEDULER\EnterpriseJobRegistry.js","3.08","7/8/2026 8:22:04 PM"
"OTHER_ACTIVE_CANDIDATE","SCHEDULER\RunJobRegistrySeed.js","0.83","7/8/2026 8:22:04 PM"
"OTHER_ACTIVE_CANDIDATE","SCHEDULER\EnterpriseSchedulerLoader.js","1.6","7/8/2026 8:24:50 PM"
"OTHER_ACTIVE_CANDIDATE","SCHEDULER\RunDataDrivenScheduler.js","0.59","7/8/2026 8:24:50 PM"
"OTHER_ACTIVE_CANDIDATE","MONITORING\CampaignMonitoringEngine.js","2.37","7/8/2026 8:29:16 PM"
"OTHER_ACTIVE_CANDIDATE","MONITORING\RunCampaignMonitoring.js","0.49","7/8/2026 8:29:16 PM"
"OTHER_ACTIVE_CANDIDATE","DASHBOARDS\MarketingExecutiveDashboard.js","2.81","7/8/2026 8:44:02 PM"
"OTHER_ACTIVE_CANDIDATE","DASHBOARDS\RunMarketingExecutiveDashboard.js","1.84","7/8/2026 8:32:14 PM"
"OTHER_ACTIVE_CANDIDATE","EXECUTIVE\ExecutiveDecisionEngine.js","7.83","7/8/2026 8:51:46 PM"
"OTHER_ACTIVE_CANDIDATE","EXECUTIVE\RunExecutiveDecisionEngine.js","0.54","7/8/2026 8:37:44 PM"
"OTHER_ACTIVE_CANDIDATE","EXECUTIVE\ExecutiveDecisionExecutor.js","3.75","7/8/2026 8:40:40 PM"
"OTHER_ACTIVE_CANDIDATE","EXECUTIVE\RunExecutiveDecisionExecutor.js","0.58","7/8/2026 8:40:40 PM"
"OTHER_ACTIVE_CANDIDATE","INFRASTRUCTURE\EmailInfrastructureManager.js","4.79","7/8/2026 9:11:12 PM"
"OTHER_ACTIVE_CANDIDATE","INFRASTRUCTURE\RunEmailInfrastructureManager.js","0.93","7/8/2026 9:11:12 PM"
"OTHER_ACTIVE_CANDIDATE","INFRASTRUCTURE\InfrastructureRegistrySync.js","7.83","7/8/2026 9:18:24 PM"
"OTHER_ACTIVE_CANDIDATE","INFRASTRUCTURE\RunInfrastructureRegistrySync.js","0.69","7/8/2026 9:18:24 PM"
"OTHER_ACTIVE_CANDIDATE","event-bus\emitter.js","0.56","7/10/2026 1:18:52 PM"
"OTHER_ACTIVE_CANDIDATE","MILES_Enterprise_Registry_Phase1_v1.0\BuildEnterpriseRegistry.js","2.07","7/10/2026 11:16:12 PM"
"OTHER_ACTIVE_CANDIDATE","MILES_Enterprise_Registry_Phase1_v1.0\SERVICES\registry\EnterpriseComponentRegistryService.js","8.94","7/10/2026 11:16:12 PM"
"OTHER_ACTIVE_CANDIDATE","MILES_Enterprise_Registry_Phase1_v1.0\SERVICES\registry\EnterpriseCapabilityRegistryService.js","7.7","7/10/2026 11:16:12 PM"
"OTHER_ACTIVE_CANDIDATE","_REGISTRY_CONVERGENCE_20260710_192356\StartMilesProduction.js","5.44","7/6/2026 3:35:54 PM"
"OTHER_ACTIVE_CANDIDATE","_REGISTRY_CONVERGENCE_20260710_192356\StartProductionSystem.js","2.32","7/7/2026 5:40:56 PM"
"OTHER_ACTIVE_CANDIDATE","_REGISTRY_CONVERGENCE_20260710_192356\StartAutonomousCOO.js","3.46","7/6/2026 7:10:00 PM"
"OTHER_ACTIVE_CANDIDATE","_REGISTRY_CONVERGENCE_20260710_192356\BuildEnterpriseRegistry.js","2.07","7/10/2026 11:16:12 PM"
"OTHER_ACTIVE_CANDIDATE","_REGISTRY_CONVERGENCE_20260710_192356\SERVICES\StartProductionSystem.js","2.34","7/7/2026 5:32:56 PM"
"OTHER_ACTIVE_CANDIDATE","_REGISTRY_CONVERGENCE_20260710_192356\SERVICES\EnterpriseRuntimeManager.js","4.48","7/9/2026 8:37:08 PM"
"OTHER_ACTIVE_CANDIDATE","_REGISTRY_CONVERGENCE_20260710_192356\SERVICES\WorkerRegistry.js","0.46","7/9/2026 12:39:58 PM"
"OTHER_ACTIVE_CANDIDATE","_REGISTRY_CONVERGENCE_20260710_192356\SERVICES\CapabilityRegistry.js","1.43","7/9/2026 6:14:24 PM"
"OTHER_ACTIVE_CANDIDATE","_REGISTRY_CONVERGENCE_20260710_192356\SERVICES\CapabilityRegistryService.js","17.47","7/4/2026 12:27:58 AM"
"OTHER_ACTIVE_CANDIDATE","_REGISTRY_CONVERGENCE_20260710_192356\SERVICES\RepositoryRegistryService.js","20.54","7/4/2026 12:18:54 AM"
"OTHER_ACTIVE_CANDIDATE","_REGISTRY_CONVERGENCE_20260710_192356\SERVICES\ProviderRegistryService.js","12.13","7/4/2026 2:09:10 AM"
"OTHER_ACTIVE_CANDIDATE","_REGISTRY_CONVERGENCE_20260710_192356\SERVICES\ProviderAuthorityRegistryService.js","8.94","7/4/2026 2:58:22 AM"
"OTHER_ACTIVE_CANDIDATE","_REGISTRY_CONVERGENCE_20260710_192356\SERVICES\ProviderControllerRegistryService.js","2.24","7/4/2026 2:18:50 AM"
"OTHER_ACTIVE_CANDIDATE","_REGISTRY_CONVERGENCE_20260710_192356\SERVICES\worker_runtime\WorkerRuntime.js","7.99","7/8/2026 4:26:00 PM"
"OTHER_ACTIVE_CANDIDATE","_REGISTRY_CONVERGENCE_20260710_192356\SERVICES\worker_runtime\WorkerRuntimeManager.js","6.34","7/5/2026 9:15:02 PM"
"OTHER_ACTIVE_CANDIDATE","_REGISTRY_CONVERGENCE_20260710_192356\SERVICES\worker_runtime\WorkerRegistry.js","7.36","7/5/2026 11:02:40 PM"
"OTHER_ACTIVE_CANDIDATE","_REGISTRY_CONVERGENCE_20260710_192356\SERVICES\Planning\PlannerRegistry.js","0.89","7/1/2026 1:10:34 PM"
"OTHER_ACTIVE_CANDIDATE","_REGISTRY_CONVERGENCE_20260710_192356\SERVICES\digital_coo\DigitalCOORuntimeManager.js","16.31","7/5/2026 9:31:30 PM"
"OTHER_ACTIVE_CANDIDATE","_REGISTRY_CONVERGENCE_20260710_192356\SERVICES\digital_coo\MilesCommandCenter.js","14.77","7/7/2026 12:14:38 PM"
"OTHER_ACTIVE_CANDIDATE","_REGISTRY_CONVERGENCE_20260710_192356\CORE\DepartmentRegistry.js","1.6","7/8/2026 9:58:28 PM"
"OTHER_ACTIVE_CANDIDATE","_REGISTRY_CONVERGENCE_20260710_192356\CORE\Kernel\ServiceRegistry.js","5.39","7/9/2026 8:44:08 PM"
"OTHER_ACTIVE_CANDIDATE","_REGISTRY_CONVERGENCE_20260710_192356\CORE\CANONICAL\Registry.js","0.55","7/8/2026 6:47:00 PM"
"OTHER_ACTIVE_CANDIDATE","_REGISTRY_CONVERGENCE_20260710_192356\PROVIDERS\ProviderRegistry.js","0.59","7/8/2026 8:11:56 PM"
"OTHER_ACTIVE_CANDIDATE","_REGISTRY_CONVERGENCE_20260710_192356\PROVIDERS\registry\ProviderRegistry.js","2.24","6/30/2026 7:10:52 PM"
"OTHER_ACTIVE_CANDIDATE","_REGISTRY_CONVERGENCE_20260710_193412\StartMilesProduction.js","5.44","7/6/2026 3:35:54 PM"
"OTHER_ACTIVE_CANDIDATE","_REGISTRY_CONVERGENCE_20260710_193412\StartProductionSystem.js","2.32","7/7/2026 5:40:56 PM"
"OTHER_ACTIVE_CANDIDATE","_REGISTRY_CONVERGENCE_20260710_193412\StartAutonomousCOO.js","3.46","7/6/2026 7:10:00 PM"
"OTHER_ACTIVE_CANDIDATE","_REGISTRY_CONVERGENCE_20260710_193412\BuildEnterpriseRegistry.js","2.07","7/10/2026 11:16:12 PM"
"OTHER_ACTIVE_CANDIDATE","_REGISTRY_CONVERGENCE_20260710_193412\SERVICES\StartProductionSystem.js","2.34","7/7/2026 5:32:56 PM"
"OTHER_ACTIVE_CANDIDATE","_REGISTRY_CONVERGENCE_20260710_193412\SERVICES\EnterpriseRuntimeManager.js","4.48","7/9/2026 8:37:08 PM"
"OTHER_ACTIVE_CANDIDATE","_REGISTRY_CONVERGENCE_20260710_193412\SERVICES\WorkerRegistry.js","0.46","7/9/2026 12:39:58 PM"
"OTHER_ACTIVE_CANDIDATE","_REGISTRY_CONVERGENCE_20260710_193412\SERVICES\CapabilityRegistry.js","1.43","7/9/2026 6:14:24 PM"
"OTHER_ACTIVE_CANDIDATE","_REGISTRY_CONVERGENCE_20260710_193412\SERVICES\CapabilityRegistryService.js","17.47","7/4/2026 12:27:58 AM"
"OTHER_ACTIVE_CANDIDATE","_REGISTRY_CONVERGENCE_20260710_193412\SERVICES\RepositoryRegistryService.js","20.54","7/4/2026 12:18:54 AM"
"OTHER_ACTIVE_CANDIDATE","_REGISTRY_CONVERGENCE_20260710_193412\SERVICES\ProviderRegistryService.js","12.13","7/4/2026 2:09:10 AM"
"OTHER_ACTIVE_CANDIDATE","_REGISTRY_CONVERGENCE_20260710_193412\SERVICES\ProviderAuthorityRegistryService.js","8.94","7/4/2026 2:58:22 AM"
"OTHER_ACTIVE_CANDIDATE","_REGISTRY_CONVERGENCE_20260710_193412\SERVICES\ProviderControllerRegistryService.js","2.24","7/4/2026 2:18:50 AM"
"OTHER_ACTIVE_CANDIDATE","_REGISTRY_CONVERGENCE_20260710_193412\SERVICES\worker_runtime\WorkerRuntime.js","7.99","7/8/2026 4:26:00 PM"
"OTHER_ACTIVE_CANDIDATE","_REGISTRY_CONVERGENCE_20260710_193412\SERVICES\worker_runtime\WorkerRuntimeManager.js","6.34","7/5/2026 9:15:02 PM"
"OTHER_ACTIVE_CANDIDATE","_REGISTRY_CONVERGENCE_20260710_193412\SERVICES\worker_runtime\WorkerRegistry.js","7.36","7/5/2026 11:02:40 PM"
"OTHER_ACTIVE_CANDIDATE","_REGISTRY_CONVERGENCE_20260710_193412\SERVICES\Planning\PlannerRegistry.js","0.89","7/1/2026 1:10:34 PM"
"OTHER_ACTIVE_CANDIDATE","_REGISTRY_CONVERGENCE_20260710_193412\SERVICES\digital_coo\DigitalCOORuntimeManager.js","16.31","7/5/2026 9:31:30 PM"
"OTHER_ACTIVE_CANDIDATE","_REGISTRY_CONVERGENCE_20260710_193412\SERVICES\digital_coo\MilesCommandCenter.js","14.77","7/7/2026 12:14:38 PM"
"OTHER_ACTIVE_CANDIDATE","_REGISTRY_CONVERGENCE_20260710_193412\CORE\DepartmentRegistry.js","1.6","7/8/2026 9:58:28 PM"
"OTHER_ACTIVE_CANDIDATE","_REGISTRY_CONVERGENCE_20260710_193412\CORE\Kernel\ServiceRegistry.js","5.39","7/9/2026 8:44:08 PM"
"OTHER_ACTIVE_CANDIDATE","_REGISTRY_CONVERGENCE_20260710_193412\CORE\CANONICAL\Registry.js","0.55","7/8/2026 6:47:00 PM"
"OTHER_ACTIVE_CANDIDATE","_REGISTRY_CONVERGENCE_20260710_193412\PROVIDERS\ProviderRegistry.js","0.59","7/8/2026 8:11:56 PM"
"OTHER_ACTIVE_CANDIDATE","_REGISTRY_CONVERGENCE_20260710_193412\PROVIDERS\registry\ProviderRegistry.js","2.24","6/30/2026 7:10:52 PM"
"OTHER_ACTIVE_CANDIDATE","MILES_Runtime_Registry_Service_V2_v2.0\StartRuntimeRegistryService.js","1.2","7/10/2026 11:37:02 PM"
"OTHER_ACTIVE_CANDIDATE","MILES_Runtime_Registry_Service_V2_v2.0\EXAMPLE_SELF_REGISTRATION.js","0.93","7/10/2026 11:37:02 PM"
"OTHER_ACTIVE_CANDIDATE","MILES_Runtime_Registry_Service_V2_v2.0\SERVICES\runtime_registry\RuntimeRegistryService.js","18.45","7/10/2026 11:37:02 PM"
"OTHER_ACTIVE_CANDIDATE","MILES_Runtime_Registry_Service_V2_v2.0\SERVICES\runtime_registry\RuntimeRegistryClient.js","2.24","7/10/2026 11:37:02 PM"
