"RelativePath","Name","SizeBytes","ModifiedUtc"
"BuildEnterpriseRegistry.js","BuildEnterpriseRegistry.js","2123","2026-07-11T03:16:12.0000000Z"
"CORE\CANONICAL\Registry.js","Registry.js","561","2026-07-08T22:47:00.0000000Z"
"CORE\DepartmentRegistry.js","DepartmentRegistry.js","1637","2026-07-09T01:58:28.0000000Z"
"CORE\Kernel\ServiceRegistry.js","ServiceRegistry.js","5519","2026-07-10T00:44:08.0000000Z"
"DIGITAL_COO\Engineering\EngineeringRegistry.js","EngineeringRegistry.js","1362","2026-07-09T01:53:10.0000000Z"
"DIGITAL_COO\RunSegmentRegistry.js","RunSegmentRegistry.js","804","2026-07-08T23:14:40.0000000Z"
"DIGITAL_COO\SegmentRegistry.js","SegmentRegistry.js","6075","2026-07-08T23:11:52.0000000Z"
"INFRASTRUCTURE\InfrastructureRegistrySync.js","InfrastructureRegistrySync.js","8013","2026-07-09T01:18:24.0000000Z"
"INFRASTRUCTURE\RunInfrastructureRegistrySync.js","RunInfrastructureRegistrySync.js","707","2026-07-09T01:18:24.0000000Z"
"MILES_Enterprise_Registry_Phase1_v1.0\BuildEnterpriseRegistry.js","BuildEnterpriseRegistry.js","2123","2026-07-11T03:16:12.0000000Z"
"MILES_Enterprise_Registry_Phase1_v1.0\SERVICES\registry\EnterpriseCapabilityRegistryService.js","EnterpriseCapabilityRegistryService.js","7884","2026-07-11T03:16:12.0000000Z"
"MILES_Enterprise_Registry_Phase1_v1.0\SERVICES\registry\EnterpriseComponentRegistryService.js","EnterpriseComponentRegistryService.js","9159","2026-07-11T03:16:12.0000000Z"
"MILES_Enterprise_Registry_Phase1_v1.0\TESTS\enterprise_registry.test.js","enterprise_registry.test.js","1278","2026-07-11T03:16:12.0000000Z"
"PROVIDERS\ProviderRegistry.js","ProviderRegistry.js","608","2026-07-09T00:11:56.0000000Z"
"PROVIDERS\registry\ProviderRegistry.js","ProviderRegistry.js","2292","2026-06-30T23:10:52.0000000Z"
"SCHEDULER\EnterpriseJobRegistry.js","EnterpriseJobRegistry.js","3153","2026-07-09T00:22:04.0000000Z"
"SCHEDULER\RunJobRegistrySeed.js","RunJobRegistrySeed.js","852","2026-07-09T00:22:04.0000000Z"
"SERVICES\AssetRegistry.js","AssetRegistry.js","939","2026-07-09T22:17:48.0000000Z"
"SERVICES\CapabilityRegistry.js","CapabilityRegistry.js","1466","2026-07-09T22:14:24.0000000Z"
"SERVICES\CapabilityRegistryService.js","CapabilityRegistryService.js","17894","2026-07-04T04:27:58.0000000Z"
"SERVICES\connector_runtime\ConnectorRuntimeManager.js","ConnectorRuntimeManager.js","6733","2026-07-06T03:11:34.0000000Z"
"SERVICES\ConnectorRuntimeManager.js","ConnectorRuntimeManager.js","6381","2026-07-06T01:21:48.0000000Z"
"SERVICES\digital_coo\DigitalCOORuntimeManager.js","DigitalCOORuntimeManager.js","16703","2026-07-06T01:31:30.0000000Z"
"SERVICES\EnterpriseRuntimeManager.js","EnterpriseRuntimeManager.js","4587","2026-07-10T00:37:08.0000000Z"
"SERVICES\Planning\PlannerRegistry.js","PlannerRegistry.js","916","2026-07-01T17:10:34.0000000Z"
"SERVICES\ProviderAuthorityRegistryService.js","ProviderAuthorityRegistryService.js","9159","2026-07-04T06:58:22.0000000Z"
"SERVICES\ProviderControllerRegistryService.js","ProviderControllerRegistryService.js","2295","2026-07-04T06:18:50.0000000Z"
"SERVICES\ProviderRegistryService.js","ProviderRegistryService.js","12419","2026-07-04T06:09:10.0000000Z"
"SERVICES\registry\EnterpriseCapabilityRegistryService.js","EnterpriseCapabilityRegistryService.js","7884","2026-07-11T03:16:12.0000000Z"
"SERVICES\registry\EnterpriseComponentRegistryService.js","EnterpriseComponentRegistryService.js","9159","2026-07-11T03:16:12.0000000Z"
"SERVICES\RepositoryRegistryService.js","RepositoryRegistryService.js","21035","2026-07-04T04:18:54.0000000Z"
"SERVICES\worker_runtime\WorkerRegistry.js","WorkerRegistry.js","7539","2026-07-06T03:02:40.0000000Z"
"SERVICES\worker_runtime\WorkerRuntime.js","WorkerRuntime.js","8183","2026-07-08T20:26:00.0000000Z"
"SERVICES\worker_runtime\WorkerRuntimeManager.js","WorkerRuntimeManager.js","6497","2026-07-06T01:15:02.0000000Z"
"SERVICES\WorkerRegistry.js","WorkerRegistry.js","467","2026-07-09T16:39:58.0000000Z"
"TESTS\enterprise_registry.test.js","enterprise_registry.test.js","1278","2026-07-11T03:16:12.0000000Z"
"TESTS\Test_Build042_AssetRegistry.js","Test_Build042_AssetRegistry.js","538","2026-07-09T22:18:32.0000000Z"
"TESTS\Test_Build042_CapabilityRegistry.js","Test_Build042_CapabilityRegistry.js","780","2026-07-09T22:14:58.0000000Z"
"TESTS\Test_BUILD057_EnterpriseRuntimeManager.js","Test_BUILD057_EnterpriseRuntimeManager.js","467","2026-07-10T00:42:32.0000000Z"
"TESTS\Test_BUILD058_ServiceRegistry.js","Test_BUILD058_ServiceRegistry.js","853","2026-07-10T00:44:50.0000000Z"
"TESTS\TestDepartmentRegistry.js","TestDepartmentRegistry.js","404","2026-07-09T02:04:22.0000000Z"
"TESTS\TestWorkerRegistry.js","TestWorkerRegistry.js","578","2026-07-09T16:42:56.0000000Z"
