"FullName","Length","LastWriteTime"
"D:\P2GC_Intelligence\MILES_ENTERPRISE\SERVICES\ActionAuditService.js","1596","7/4/2026 2:09:10 AM"
"D:\P2GC_Intelligence\MILES_ENTERPRISE\SERVICES\ActionDispatcherService.js","4081","7/4/2026 2:09:10 AM"
"D:\P2GC_Intelligence\MILES_ENTERPRISE\SERVICES\ActionEngineService.js","10876","7/4/2026 2:09:10 AM"
"D:\P2GC_Intelligence\MILES_ENTERPRISE\SERVICES\ActionHistoryService.js","2000","7/4/2026 2:09:10 AM"
"D:\P2GC_Intelligence\MILES_ENTERPRISE\SERVICES\ActionRetryService.js","960","7/4/2026 2:09:10 AM"
"D:\P2GC_Intelligence\MILES_ENTERPRISE\SERVICES\ActionVerificationService.js","2307","7/4/2026 2:09:10 AM"
"D:\P2GC_Intelligence\MILES_ENTERPRISE\SERVICES\ATLASRuntimeInspector.js","7362","7/4/2026 11:32:30 PM"
"D:\P2GC_Intelligence\MILES_ENTERPRISE\SERVICES\AutonomousCompanyOperatingSystem.js","5287","7/2/2026 8:33:16 PM"
"D:\P2GC_Intelligence\MILES_ENTERPRISE\SERVICES\AutonomousCOOLoopService.backup.js","11122","7/3/2026 4:54:18 PM"
"D:\P2GC_Intelligence\MILES_ENTERPRISE\SERVICES\AutonomousCOOLoopService.js","59613","7/21/2026 10:03:08 PM"
"D:\P2GC_Intelligence\MILES_ENTERPRISE\SERVICES\AutonomousCOOLoopService.js.fix_first_blocker_backup_20260708_135122","36449","7/7/2026 6:24:08 PM"
"D:\P2GC_Intelligence\MILES_ENTERPRISE\SERVICES\AutonomousRevenueClosureLoop.js","2983","7/21/2026 10:23:02 PM"
"D:\P2GC_Intelligence\MILES_ENTERPRISE\SERVICES\BaseProviderController.js","3916","7/4/2026 2:18:28 AM"
"D:\P2GC_Intelligence\MILES_ENTERPRISE\SERVICES\BusinessExecutionEngineService.js","21007","7/21/2026 9:37:18 PM"
"D:\P2GC_Intelligence\MILES_ENTERPRISE\SERVICES\BusinessOperationsBridgeService.js","15009","7/22/2026 12:31:36 PM"
"D:\P2GC_Intelligence\MILES_ENTERPRISE\SERVICES\BusinessOperationsBridgeService.js.bak_20260707_121436","7161","7/6/2026 4:02:04 PM"
"D:\P2GC_Intelligence\MILES_ENTERPRISE\SERVICES\BusinessStateAggregator.js","2163","7/3/2026 4:27:08 PM"
"D:\P2GC_Intelligence\MILES_ENTERPRISE\SERVICES\CapabilityRegistryService.js","17894","7/4/2026 12:27:58 AM"
"D:\P2GC_Intelligence\MILES_ENTERPRISE\SERVICES\CodeRepairService.js","5667","7/2/2026 3:02:26 PM"
"D:\P2GC_Intelligence\MILES_ENTERPRISE\SERVICES\CommandIntentPlannerService.js","18503","7/18/2026 3:25:38 PM"
"D:\P2GC_Intelligence\MILES_ENTERPRISE\SERVICES\CompanyStateService.js","14854","7/4/2026 1:04:08 AM"
"D:\P2GC_Intelligence\MILES_ENTERPRISE\SERVICES\ConfidenceScoringService.js","1712","7/4/2026 1:55:46 AM"
"D:\P2GC_Intelligence\MILES_ENTERPRISE\SERVICES\ConnectorManager.js","0","6/29/2026 2:43:06 PM"
"D:\P2GC_Intelligence\MILES_ENTERPRISE\SERVICES\ConnectorRuntimeManager.js","6399","7/15/2026 7:09:02 PM"
"D:\P2GC_Intelligence\MILES_ENTERPRISE\SERVICES\ContinuousCOOLoopService.js","8777","7/4/2026 1:30:00 AM"
"D:\P2GC_Intelligence\MILES_ENTERPRISE\SERVICES\ControlledWriteAuditService.js","1168","7/4/2026 2:44:14 AM"
"D:\P2GC_Intelligence\MILES_ENTERPRISE\SERVICES\ControlledWritePolicyService.js","4698","7/4/2026 2:44:14 AM"
"D:\P2GC_Intelligence\MILES_ENTERPRISE\SERVICES\ControlledWriteService.js","2556","7/4/2026 2:44:14 AM"
"D:\P2GC_Intelligence\MILES_ENTERPRISE\SERVICES\COOExecutiveLoopService.js","4746","7/6/2026 2:36:12 PM"
"D:\P2GC_Intelligence\MILES_ENTERPRISE\SERVICES\COOOrchestratorService.js","5689","7/6/2026 3:57:14 PM"
"D:\P2GC_Intelligence\MILES_ENTERPRISE\SERVICES\COO_V10_ClosureSystem.js","4126","7/2/2026 7:29:36 PM"
"D:\P2GC_Intelligence\MILES_ENTERPRISE\SERVICES\COO_V11_RealWorldAgent.js","4775","7/2/2026 7:31:50 PM"
"D:\P2GC_Intelligence\MILES_ENTERPRISE\SERVICES\COO_V12_AutonomousCompany.js","4730","7/2/2026 7:34:28 PM"
"D:\P2GC_Intelligence\MILES_ENTERPRISE\SERVICES\COO_V9_ExecutionLayer.js","3900","7/2/2026 7:27:56 PM"
"D:\P2GC_Intelligence\MILES_ENTERPRISE\SERVICES\DashboardDataService.js","63331","7/14/2026 12:23:06 PM"
"D:\P2GC_Intelligence\MILES_ENTERPRISE\SERVICES\DashboardServerService.js","2185","7/4/2026 1:48:24 AM"
"D:\P2GC_Intelligence\MILES_ENTERPRISE\SERVICES\DashboardService.js","2470","6/29/2026 5:57:58 PM"
"D:\P2GC_Intelligence\MILES_ENTERPRISE\SERVICES\DealClosureEngine.js","4425","7/2/2026 8:25:16 PM"
"D:\P2GC_Intelligence\MILES_ENTERPRISE\SERVICES\DecisionEngine.js","10712","7/17/2026 3:56:54 PM"
"D:\P2GC_Intelligence\MILES_ENTERPRISE\SERVICES\DecisionLearningService.js","1901","7/4/2026 1:55:46 AM"
"D:\P2GC_Intelligence\MILES_ENTERPRISE\SERVICES\DesktopServer.js","761","6/30/2026 3:57:18 PM"
"D:\P2GC_Intelligence\MILES_ENTERPRISE\SERVICES\EngineeringCOOService.js","11617","7/2/2026 3:08:20 PM"
"D:\P2GC_Intelligence\MILES_ENTERPRISE\SERVICES\EngineeringImprovementService.js","15712","7/17/2026 3:45:32 PM"
"D:\P2GC_Intelligence\MILES_ENTERPRISE\SERVICES\EngineeringPlannerService.js","7681","7/15/2026 7:09:04 PM"
"D:\P2GC_Intelligence\MILES_ENTERPRISE\SERVICES\EscalationManagerService.js","825","7/4/2026 2:49:04 AM"
"D:\P2GC_Intelligence\MILES_ENTERPRISE\SERVICES\ExecutionAuditService.js","1266","7/4/2026 2:49:04 AM"
"D:\P2GC_Intelligence\MILES_ENTERPRISE\SERVICES\ExecutionDispatcherService.js","2799","7/4/2026 2:49:28 AM"
"D:\P2GC_Intelligence\MILES_ENTERPRISE\SERVICES\ExecutionMonitorService.js","893","7/4/2026 2:49:04 AM"
"D:\P2GC_Intelligence\MILES_ENTERPRISE\SERVICES\ExecutionPlannerService.js","4458","7/4/2026 2:49:04 AM"
"D:\P2GC_Intelligence\MILES_ENTERPRISE\SERVICES\ExecutionPlanService.js","1976","7/1/2026 1:38:34 PM"
"D:\P2GC_Intelligence\MILES_ENTERPRISE\SERVICES\ExecutionRouterService.js","2045","7/2/2026 7:54:12 PM"
"D:\P2GC_Intelligence\MILES_ENTERPRISE\SERVICES\ExecutionSchedulerService.js","505","7/4/2026 2:49:04 AM"
"D:\P2GC_Intelligence\MILES_ENTERPRISE\SERVICES\ExecutionService.js","29198","7/20/2026 6:41:52 PM"
"D:\P2GC_Intelligence\MILES_ENTERPRISE\SERVICES\ExecutiveBrainService.js","7536","7/4/2026 12:58:22 AM"
"D:\P2GC_Intelligence\MILES_ENTERPRISE\SERVICES\ExecutiveBriefService.js","24271","7/11/2026 11:10:12 PM"
"D:\P2GC_Intelligence\MILES_ENTERPRISE\SERVICES\ExecutiveDashboardService.js","12580","7/4/2026 1:48:24 AM"
"D:\P2GC_Intelligence\MILES_ENTERPRISE\SERVICES\ExecutiveDispatcher.js","4233","7/3/2026 5:53:02 PM"
"D:\P2GC_Intelligence\MILES_ENTERPRISE\SERVICES\ExecutiveIntelligenceService.js","5029","7/9/2026 8:43:24 PM"
"D:\P2GC_Intelligence\MILES_ENTERPRISE\SERVICES\ExecutiveResponseService.js","15371","7/19/2026 8:24:36 PM"
"D:\P2GC_Intelligence\MILES_ENTERPRISE\SERVICES\ExecutiveStateService.js","1079","6/29/2026 8:22:48 PM"
"D:\P2GC_Intelligence\MILES_ENTERPRISE\SERVICES\FailureLearningService.js","2008","7/4/2026 1:55:46 AM"
"D:\P2GC_Intelligence\MILES_ENTERPRISE\SERVICES\FileSystemProviderController.js","2470","7/4/2026 2:18:28 AM"
"D:\P2GC_Intelligence\MILES_ENTERPRISE\SERVICES\GoogleWorkspaceProviderController.js","561","7/4/2026 2:18:28 AM"
"D:\P2GC_Intelligence\MILES_ENTERPRISE\SERVICES\HeartbeatService.js","1226","7/4/2026 1:29:32 AM"
"D:\P2GC_Intelligence\MILES_ENTERPRISE\SERVICES\InstantlyActionBridgeService.js","3465","7/4/2026 2:26:50 AM"
"D:\P2GC_Intelligence\MILES_ENTERPRISE\SERVICES\InstantlyApiClient.js","3590","7/21/2026 4:41:32 PM"
"D:\P2GC_Intelligence\MILES_ENTERPRISE\SERVICES\InstantlyControlledWriteService.js","9488","7/19/2026 9:38:22 PM"
"D:\P2GC_Intelligence\MILES_ENTERPRISE\SERVICES\InstantlyLiveIntegrationService.js","2655","7/4/2026 2:26:50 AM"
"D:\P2GC_Intelligence\MILES_ENTERPRISE\SERVICES\InstantlyLiveProviderController.js","8801","7/21/2026 4:53:12 PM"
"D:\P2GC_Intelligence\MILES_ENTERPRISE\SERVICES\InstantlyProviderCompatibilityService.js","5157","7/4/2026 2:58:22 AM"
"D:\P2GC_Intelligence\MILES_ENTERPRISE\SERVICES\InstantlyProviderController.js","731","7/4/2026 2:18:28 AM"
"D:\P2GC_Intelligence\MILES_ENTERPRISE\SERVICES\JsonFileService.js","1117","7/4/2026 1:29:10 AM"
"D:\P2GC_Intelligence\MILES_ENTERPRISE\SERVICES\LearningDataService.js","2980","7/9/2026 6:00:10 PM"
"D:\P2GC_Intelligence\MILES_ENTERPRISE\SERVICES\LiveAutonomousBusinessMode.js","4203","7/2/2026 8:32:18 PM"
"D:\P2GC_Intelligence\MILES_ENTERPRISE\SERVICES\LiveProductionExecutionSystem.js","4355","7/2/2026 9:00:18 PM"
"D:\P2GC_Intelligence\MILES_ENTERPRISE\SERVICES\LoopSchedulerService.js","1151","7/4/2026 1:30:00 AM"
"D:\P2GC_Intelligence\MILES_ENTERPRISE\SERVICES\MemoryService.js","1240","6/29/2026 2:43:06 PM"
"D:\P2GC_Intelligence\MILES_ENTERPRISE\SERVICES\MilesAdaptiveRealTimeIntelligenceSystem.js","4352","7/2/2026 9:02:54 PM"
"D:\P2GC_Intelligence\MILES_ENTERPRISE\SERVICES\MilesSelfLearningCompanyAI.js","4337","7/2/2026 9:01:18 PM"
"D:\P2GC_Intelligence\MILES_ENTERPRISE\SERVICES\NamecheapProviderController.js","600","7/4/2026 2:18:28 AM"
"D:\P2GC_Intelligence\MILES_ENTERPRISE\SERVICES\OrionProviderController.js","495","7/4/2026 2:18:28 AM"
"D:\P2GC_Intelligence\MILES_ENTERPRISE\SERVICES\OutboundService.js","18381","6/30/2026 9:20:20 PM"
"D:\P2GC_Intelligence\MILES_ENTERPRISE\SERVICES\PlannerService.js","5151","7/11/2026 9:04:08 PM"
"D:\P2GC_Intelligence\MILES_ENTERPRISE\SERVICES\PriorityOptimizationService.js","1651","7/4/2026 1:55:46 AM"
"D:\P2GC_Intelligence\MILES_ENTERPRISE\SERVICES\ProductionCOOEngine.js","1803","7/3/2026 6:27:00 PM"
"D:\P2GC_Intelligence\MILES_ENTERPRISE\SERVICES\ProviderAuthorityRegistryService.js","9159","7/4/2026 2:58:22 AM"
"D:\P2GC_Intelligence\MILES_ENTERPRISE\SERVICES\ProviderCapabilityBindingService.js","2607","7/4/2026 2:58:22 AM"
"D:\P2GC_Intelligence\MILES_ENTERPRISE\SERVICES\ProviderControllerExecutionService.js","2108","7/4/2026 2:18:50 AM"
"D:\P2GC_Intelligence\MILES_ENTERPRISE\SERVICES\ProviderControllerHealthService.js","1278","7/4/2026 2:18:50 AM"
"D:\P2GC_Intelligence\MILES_ENTERPRISE\SERVICES\ProviderControllerRegistryService.js","2295","7/4/2026 2:18:50 AM"
"D:\P2GC_Intelligence\MILES_ENTERPRISE\SERVICES\ProviderInterfaceAdapterService.js","2296","7/4/2026 2:58:22 AM"
"D:\P2GC_Intelligence\MILES_ENTERPRISE\SERVICES\ProviderRegistryService.js","12419","7/4/2026 2:09:10 AM"
"D:\P2GC_Intelligence\MILES_ENTERPRISE\SERVICES\ProviderRouterService.js","27304","7/16/2026 9:15:22 PM"
"D:\P2GC_Intelligence\MILES_ENTERPRISE\SERVICES\ProviderSynchronizationService.js","5036","7/4/2026 2:58:22 AM"
"D:\P2GC_Intelligence\MILES_ENTERPRISE\SERVICES\QueueRecoveryService.js","5042","7/4/2026 1:29:32 AM"
"D:\P2GC_Intelligence\MILES_ENTERPRISE\SERVICES\RealWorldIntegrationLayer.js","3507","7/2/2026 8:30:42 PM"
"D:\P2GC_Intelligence\MILES_ENTERPRISE\SERVICES\RecommendationEngineService.js","1885","7/4/2026 1:55:46 AM"
"D:\P2GC_Intelligence\MILES_ENTERPRISE\SERVICES\ReplyIntelligenceEngine.js","4868","7/2/2026 8:18:52 PM"
"D:\P2GC_Intelligence\MILES_ENTERPRISE\SERVICES\RepositoryRegistryService.js","21035","7/4/2026 12:18:54 AM"
"D:\P2GC_Intelligence\MILES_ENTERPRISE\SERVICES\RepositorySearchService.js","8607","7/11/2026 5:00:08 PM"
"D:\P2GC_Intelligence\MILES_ENTERPRISE\SERVICES\RestartGuardianService.js","1577","7/4/2026 1:30:00 AM"
"D:\P2GC_Intelligence\MILES_ENTERPRISE\SERVICES\RetryManagerService.js","621","7/4/2026 2:49:04 AM"
"D:\P2GC_Intelligence\MILES_ENTERPRISE\SERVICES\RoutingLearningService.js","2126","7/4/2026 1:55:46 AM"
"D:\P2GC_Intelligence\MILES_ENTERPRISE\SERVICES\RuntimeHealthService.js","2273","7/4/2026 1:29:32 AM"
"D:\P2GC_Intelligence\MILES_ENTERPRISE\SERVICES\RuntimeRecoveryService.js","3173","7/4/2026 11:23:32 PM"
"D:\P2GC_Intelligence\MILES_ENTERPRISE\SERVICES\SchedulerService.js","1401","6/29/2026 7:19:44 PM"
"D:\P2GC_Intelligence\MILES_ENTERPRISE\SERVICES\SelfEngineeringService.js","2423","7/2/2026 3:05:58 PM"
"D:\P2GC_Intelligence\MILES_ENTERPRISE\SERVICES\SelfLearningService.js","5231","7/4/2026 1:55:46 AM"
"D:\P2GC_Intelligence\MILES_ENTERPRISE\SERVICES\SelfMaintenanceService.js","11109","7/6/2026 11:32:32 PM"
"D:\P2GC_Intelligence\MILES_ENTERPRISE\SERVICES\StartProductionSystem.js","27161","7/17/2026 4:31:36 PM"
"D:\P2GC_Intelligence\MILES_ENTERPRISE\SERVICES\SystemRootGuard.js","3381","7/15/2026 7:09:04 PM"
"D:\P2GC_Intelligence\MILES_ENTERPRISE\SERVICES\TaskManager.js","684","6/29/2026 7:01:54 PM"
"D:\P2GC_Intelligence\MILES_ENTERPRISE\SERVICES\TaskRouterService.js","10177","7/4/2026 1:07:56 AM"
"D:\P2GC_Intelligence\MILES_ENTERPRISE\SERVICES\TestRunnerService.js","4580","7/2/2026 3:03:40 PM"
"D:\P2GC_Intelligence\MILES_ENTERPRISE\SERVICES\test_autonomous_coo_loop.js","333","7/1/2026 1:31:42 AM"
"D:\P2GC_Intelligence\MILES_ENTERPRISE\SERVICES\TimeUtil.js","580","7/4/2026 1:29:10 AM"
"D:\P2GC_Intelligence\MILES_ENTERPRISE\SERVICES\WebsiteProviderController.js","504","7/4/2026 2:18:28 AM"
"D:\P2GC_Intelligence\MILES_ENTERPRISE\SERVICES\WorkflowService.js","2112","7/7/2026 6:15:20 PM"
"D:\P2GC_Intelligence\MILES_ENTERPRISE\SERVICES\WorkforceExecutionService.js","20726","7/16/2026 9:15:22 PM"
"D:\P2GC_Intelligence\MILES_ENTERPRISE\SERVICES\WorkforceService.js","18869","7/11/2026 9:45:18 PM"
"D:\P2GC_Intelligence\MILES_ENTERPRISE\SERVICES\WorkPackageService.js","6935","7/16/2026 9:50:40 PM"
"D:\P2GC_Intelligence\MILES_ENTERPRISE\SERVICES\WorkQueueService.js","31766","7/13/2026 1:18:14 PM"
"D:\P2GC_Intelligence\MILES_ENTERPRISE\SERVICES\WorkerExecutionBridge.js","1632","7/9/2026 12:42:30 PM"
"D:\P2GC_Intelligence\MILES_ENTERPRISE\SERVICES\WorkerRegistry.js","467","7/9/2026 12:39:58 PM"
"D:\P2GC_Intelligence\MILES_ENTERPRISE\SERVICES\WorkerBootstrap.js","1299","7/9/2026 2:39:38 PM"
"D:\P2GC_Intelligence\MILES_ENTERPRISE\SERVICES\ExecutiveMissionRouter.js","2193","7/9/2026 2:47:32 PM"
"D:\P2GC_Intelligence\MILES_ENTERPRISE\SERVICES\DepartmentMissionAdapter.js","894","7/9/2026 2:48:24 PM"
"D:\P2GC_Intelligence\MILES_ENTERPRISE\SERVICES\DepartmentBootstrap.js","446","7/9/2026 2:52:36 PM"
"D:\P2GC_Intelligence\MILES_ENTERPRISE\SERVICES\MissionLifecycleService.js","3162","7/9/2026 3:48:34 PM"
"D:\P2GC_Intelligence\MILES_ENTERPRISE\SERVICES\MissionSupervisor.js","1693","7/9/2026 3:05:48 PM"
"D:\P2GC_Intelligence\MILES_ENTERPRISE\SERVICES\ResolutionEngine.js","1506","7/9/2026 4:01:38 PM"
"D:\P2GC_Intelligence\MILES_ENTERPRISE\SERVICES\ResolutionMemoryService.js","1518","7/9/2026 3:59:18 PM"
"D:\P2GC_Intelligence\MILES_ENTERPRISE\SERVICES\ConfigService.js","1624","7/9/2026 6:10:14 PM"
"D:\P2GC_Intelligence\MILES_ENTERPRISE\SERVICES\CapabilityRegistry.js","1466","7/9/2026 6:14:24 PM"
"D:\P2GC_Intelligence\MILES_ENTERPRISE\SERVICES\AssetRegistry.js","939","7/9/2026 6:17:48 PM"
"D:\P2GC_Intelligence\MILES_ENTERPRISE\SERVICES\ExecutiveEnvironmentService.js","935","7/9/2026 6:21:40 PM"
"D:\P2GC_Intelligence\MILES_ENTERPRISE\SERVICES\MissionCapabilityResolver.js","1167","7/9/2026 6:24:36 PM"
"D:\P2GC_Intelligence\MILES_ENTERPRISE\SERVICES\WorkerSelector.js","1112","7/9/2026 6:30:08 PM"
"D:\P2GC_Intelligence\MILES_ENTERPRISE\SERVICES\WorkerContract.js","1120","7/9/2026 6:32:26 PM"
"D:\P2GC_Intelligence\MILES_ENTERPRISE\SERVICES\BusinessWorker.js","1289","7/9/2026 6:34:02 PM"
"D:\P2GC_Intelligence\MILES_ENTERPRISE\SERVICES\RuntimeActivationAuditService.js","3443","7/9/2026 6:39:38 PM"
"D:\P2GC_Intelligence\MILES_ENTERPRISE\SERVICES\InstantlyCampaignInventoryService.js","4749","7/9/2026 7:37:12 PM"
"D:\P2GC_Intelligence\MILES_ENTERPRISE\SERVICES\InstantlyExecutiveAdvisor.js","4647","7/9/2026 7:50:04 PM"
"D:\P2GC_Intelligence\MILES_ENTERPRISE\SERVICES\MissionCreationService.js","6109","7/9/2026 8:04:14 PM"
"D:\P2GC_Intelligence\MILES_ENTERPRISE\SERVICES\RuntimeConsolidationAuditService.js","5984","7/9/2026 8:34:30 PM"
"D:\P2GC_Intelligence\MILES_ENTERPRISE\SERVICES\EnterpriseRuntimeManager.js","4587","7/9/2026 8:37:08 PM"
"D:\P2GC_Intelligence\MILES_ENTERPRISE\SERVICES\CommandIntentPlannerService.js.bak_20260709_231150","11231","7/7/2026 11:33:40 AM"
"D:\P2GC_Intelligence\MILES_ENTERPRISE\SERVICES\BusinessOperationsBridgeService.backup_20260710_172805.js","9027","7/7/2026 12:14:38 PM"
"D:\P2GC_Intelligence\MILES_ENTERPRISE\SERVICES\WorkQueueService.js.replacement_20732_1783816243015","28178","7/11/2026 8:30:44 PM"
"D:\P2GC_Intelligence\MILES_ENTERPRISE\SERVICES\CapabilityService.js","21820","7/13/2026 12:13:48 AM"
"D:\P2GC_Intelligence\MILES_ENTERPRISE\SERVICES\WorkQueueService.Build033Backup_20260713_114526.js","28178","7/11/2026 8:32:42 PM"
"D:\P2GC_Intelligence\MILES_ENTERPRISE\SERVICES\WorkQueueService.Build034Backup_20260713_120306.js","30369","7/13/2026 12:56:58 PM"
"D:\P2GC_Intelligence\MILES_ENTERPRISE\SERVICES\WorkQueueService.BeforeBuild034_20260713_130722.js","29490","7/13/2026 11:45:36 AM"
"D:\P2GC_Intelligence\MILES_ENTERPRISE\SERVICES\CapabilityDispatcherService.js","13126","7/17/2026 3:39:56 PM"
"D:\P2GC_Intelligence\MILES_ENTERPRISE\SERVICES\RevenueCOOService.js","8666","7/13/2026 8:43:38 PM"
"D:\P2GC_Intelligence\MILES_ENTERPRISE\SERVICES\LiveBusinessStateService.js","22589","7/21/2026 10:43:38 PM"
"D:\P2GC_Intelligence\MILES_ENTERPRISE\SERVICES\RuntimeMetricsService.js","3391","7/19/2026 12:45:34 PM"
"D:\P2GC_Intelligence\MILES_ENTERPRISE\SERVICES\StartExecutiveDashboard.js","625","7/14/2026 11:11:02 AM"
"D:\P2GC_Intelligence\MILES_ENTERPRISE\SERVICES\BusinessSnapshotService.js","81879","7/14/2026 12:46:16 PM"
"D:\P2GC_Intelligence\MILES_ENTERPRISE\SERVICES\RuntimeProfilerBootstrap.js","38647","7/14/2026 2:55:16 PM"
"D:\P2GC_Intelligence\MILES_ENTERPRISE\SERVICES\BUILD100A_Infrastructure_Audit.ps1","16691","7/14/2026 5:09:40 PM"
"D:\P2GC_Intelligence\MILES_ENTERPRISE\SERVICES\InfrastructureRegistryService.js","30520","7/14/2026 5:15:56 PM"
"D:\P2GC_Intelligence\MILES_ENTERPRISE\SERVICES\CredentialAuthorityService.js","22915","7/14/2026 5:19:08 PM"
"D:\P2GC_Intelligence\MILES_ENTERPRISE\SERVICES\InfrastructureHealthManagerService.js","26733","7/14/2026 5:28:08 PM"
"D:\P2GC_Intelligence\MILES_ENTERPRISE\SERVICES\AutonomousWorkGenerationService.js","27809","7/14/2026 5:39:32 PM"
"D:\P2GC_Intelligence\MILES_ENTERPRISE\SERVICES\ExecutiveLoopService.js","0","7/14/2026 6:16:45 PM"
"D:\P2GC_Intelligence\MILES_ENTERPRISE\SERVICES\WorkQueuePersistenceAudit.js","11745","7/14/2026 10:55:12 PM"
"D:\P2GC_Intelligence\MILES_ENTERPRISE\SERVICES\AutonomousCOOLoopService.backup_20260714_230928.js","53733","7/14/2026 11:01:42 PM"
"D:\P2GC_Intelligence\MILES_ENTERPRISE\SERVICES\ExecutionService.BUILD108_BACKUP_20260715_160958.js","19784","7/13/2026 6:00:02 PM"
"D:\P2GC_Intelligence\MILES_ENTERPRISE\SERVICES\ExecutionService.BEFORE_BUILD110_20260715_162948.js","20430","7/15/2026 4:23:06 PM"
"D:\P2GC_Intelligence\MILES_ENTERPRISE\SERVICES\SystemArchitectureAudit.js","26110","7/15/2026 7:01:52 PM"
"D:\P2GC_Intelligence\MILES_ENTERPRISE\SERVICES\Build117ProductionStabilizer.js","8986","7/15/2026 6:58:48 PM"
"D:\P2GC_Intelligence\MILES_ENTERPRISE\SERVICES\SystemArchitectureAudit.js.BUILD117_BACKUP_20260715_190151.js","25801","7/15/2026 6:42:44 PM"
"D:\P2GC_Intelligence\MILES_ENTERPRISE\SERVICES\Build118DeterministicImportRepair.js","9735","7/15/2026 7:09:02 PM"
"D:\P2GC_Intelligence\MILES_ENTERPRISE\SERVICES\Build119ProductionReachabilityRepair.js","18052","7/15/2026 7:20:14 PM"
"D:\P2GC_Intelligence\MILES_ENTERPRISE\SERVICES\SystemArchitectureAudit.js.BUILD120_BACKUP_20260715_192653.js","26110","7/15/2026 7:01:52 PM"
"D:\P2GC_Intelligence\MILES_ENTERPRISE\SERVICES\Build119ProductionReachabilityRepair.js.BUILD120_BACKUP_20260715_192654.js","18052","7/15/2026 7:20:14 PM"
"D:\P2GC_Intelligence\MILES_ENTERPRISE\SERVICES\Build122RevenueOperationsAcceptance.js","14703","7/15/2026 7:48:24 PM"
"D:\P2GC_Intelligence\MILES_ENTERPRISE\SERVICES\Build122RevenueOperationsAcceptance.js.BUILD122A_BACKUP_20260715_194821.js","14375","7/15/2026 7:38:10 PM"
"D:\P2GC_Intelligence\MILES_ENTERPRISE\SERVICES\Build123MultiProviderAcceptance.js","13193","7/15/2026 8:10:04 PM"
"D:\P2GC_Intelligence\MILES_ENTERPRISE\SERVICES\Build123MultiProviderAcceptance.js.BUILD123A_BACKUP_20260715_200213.js","12495","7/15/2026 7:55:48 PM"
"D:\P2GC_Intelligence\MILES_ENTERPRISE\SERVICES\Build123MultiProviderAcceptance.js.BUILD123B_BACKUP_20260715_201000.js","12664","7/15/2026 8:02:16 PM"
"D:\P2GC_Intelligence\MILES_ENTERPRISE\SERVICES\Build125OrionExecutionTrace.js","12483","7/15/2026 8:22:18 PM"
"D:\P2GC_Intelligence\MILES_ENTERPRISE\SERVICES\Build126OrionTaskDifferential.js","9814","7/15/2026 8:27:08 PM"
"D:\P2GC_Intelligence\MILES_ENTERPRISE\SERVICES\Build123MultiProviderAcceptance.js.BUILD127_BACKUP_20260715_203125.js","13193","7/15/2026 8:10:04 PM"
"D:\P2GC_Intelligence\MILES_ENTERPRISE\SERVICES\WorkPackageLifecycleService.js","18455","7/17/2026 2:06:44 PM"
"D:\P2GC_Intelligence\MILES_ENTERPRISE\SERVICES\DecisionEngine.backup_BUILD123A_20260717_155512.js","10589","7/2/2026 1:19:50 PM"
"D:\P2GC_Intelligence\MILES_ENTERPRISE\SERVICES\WorkPackageQueueReconciliationService.js","17688","7/17/2026 6:08:00 PM"
"D:\P2GC_Intelligence\MILES_ENTERPRISE\SERVICES\ExecutiveConversationService.js","2837","7/18/2026 2:39:32 PM"
"D:\P2GC_Intelligence\MILES_ENTERPRISE\SERVICES\CEOIntentEngineService.js","2584","7/18/2026 3:17:26 PM"
"D:\P2GC_Intelligence\MILES_ENTERPRISE\SERVICES\ExecutionService.js.corrupted_3byte_backup","3","7/18/2026 6:07:34 PM"
"D:\P2GC_Intelligence\MILES_ENTERPRISE\SERVICES\AutonomousCOOLoopService.js.BUILD124_BACKUP","53528","7/14/2026 11:09:32 PM"
"D:\P2GC_Intelligence\MILES_ENTERPRISE\SERVICES\RuntimeMetricsService.js.BUILD124_BACKUP","3122","7/13/2026 9:12:04 PM"
"D:\P2GC_Intelligence\MILES_ENTERPRISE\SERVICES\InstantlyControlledWriteService.backup.js","6675","7/19/2026 9:32:38 PM"
"D:\P2GC_Intelligence\MILES_ENTERPRISE\SERVICES\InstantlyControlledWriteService.before_E002A.js","6675","7/19/2026 9:34:52 PM"
"D:\P2GC_Intelligence\MILES_ENTERPRISE\SERVICES\BusinessWorkPlannerService.js","3213","7/19/2026 10:01:16 PM"
"D:\P2GC_Intelligence\MILES_ENTERPRISE\SERVICES\ApprovalService.js","0","7/20/2026 7:38:10 PM"
"D:\P2GC_Intelligence\MILES_ENTERPRISE\SERVICES\MarketingUploadExecutorService.js","6593","7/21/2026 5:13:50 PM"
"D:\P2GC_Intelligence\MILES_ENTERPRISE\SERVICES\InstantlyLiveProviderController.backup_before_lead_fix.js","7716","7/21/2026 4:40:52 PM"
"D:\P2GC_Intelligence\MILES_ENTERPRISE\SERVICES\InstantlyLiveProviderController.backup_before_bulk_lead_fix.js","8178","7/21/2026 4:50:40 PM"
"D:\P2GC_Intelligence\MILES_ENTERPRISE\SERVICES\MarketingUploadExecutorService.backup_before_history.js","5348","7/21/2026 12:57:06 PM"
"D:\P2GC_Intelligence\MILES_ENTERPRISE\SERVICES\CampaignSyncService.js","1147","7/21/2026 5:03:34 PM"
"D:\P2GC_Intelligence\MILES_ENTERPRISE\SERVICES\SegmentSyncService.js","2653","7/21/2026 5:05:36 PM"
"D:\P2GC_Intelligence\MILES_ENTERPRISE\SERVICES\LeadDuplicateService.js","992","7/21/2026 5:06:48 PM"
"D:\P2GC_Intelligence\MILES_ENTERPRISE\SERVICES\MarketingUploadExecutorService.backup_before_duplicate_protection.js","5353","7/21/2026 4:59:42 PM"
"D:\P2GC_Intelligence\MILES_ENTERPRISE\SERVICES\MarketingUploadExecutorService.backup_before_history_write.js","6068","7/21/2026 5:10:04 PM"
"D:\P2GC_Intelligence\MILES_ENTERPRISE\SERVICES\MarketingOpportunityPlannerService.js","3164","7/21/2026 5:19:12 PM"
"D:\P2GC_Intelligence\MILES_ENTERPRISE\SERVICES\MarketingCampaignAssignmentService.js","1210","7/21/2026 5:21:32 PM"
"D:\P2GC_Intelligence\MILES_ENTERPRISE\SERVICES\MarketingRecommendationStoreService.js","840","7/21/2026 5:22:38 PM"
"D:\P2GC_Intelligence\MILES_ENTERPRISE\SERVICES\MarketingCampaignGapResolverService.js","1397","7/21/2026 5:31:30 PM"
"D:\P2GC_Intelligence\MILES_ENTERPRISE\SERVICES\MarketingIntentResolverService.js","1721","7/21/2026 5:33:46 PM"
"D:\P2GC_Intelligence\MILES_ENTERPRISE\SERVICES\MarketingRevenueDecisionService.js","15825","7/21/2026 5:39:10 PM"
"D:\P2GC_Intelligence\MILES_ENTERPRISE\SERVICES\BusinessExecutionEngineService.js.BEFORE_BUILD_E005_20260721_183540.js","14283","7/19/2026 10:11:40 PM"
"D:\P2GC_Intelligence\MILES_ENTERPRISE\SERVICES\BusinessExecutionEngineService.js.BEFORE_BUILD_E006_20260721_213716.js","20516","7/21/2026 6:35:44 PM"
"D:\P2GC_Intelligence\MILES_ENTERPRISE\SERVICES\AutonomousRevenueClosureLoop_PRE_SCHEMA_MIGRATION.js","2329","7/3/2026 4:21:44 PM"
"D:\P2GC_Intelligence\MILES_ENTERPRISE\SERVICES\DealLifecycleService.js","14220","7/21/2026 10:34:50 PM"
"D:\P2GC_Intelligence\MILES_ENTERPRISE\SERVICES\BusinessOperationsBridgeService.BEFORE_BUILD130_20260722161321.js","14022","7/10/2026 5:28:08 PM"
"D:\P2GC_Intelligence\MILES_ENTERPRISE\SERVICES\RevenueMissionSourceService.js","9126","7/22/2026 12:31:36 PM"
"D:\P2GC_Intelligence\MILES_ENTERPRISE\SERVICES\ProviderRegistry.js","6751","7/22/2026 1:26:06 PM"
"D:\P2GC_Intelligence\MILES_ENTERPRISE\SERVICES\InstantlyEnterpriseAdapterService.js","2841","7/22/2026 5:23:34 PM"
"D:\P2GC_Intelligence\MILES_ENTERPRISE\SERVICES\Browser\BrowserSessionEnroller.js","2333","7/1/2026 3:43:20 PM"
"D:\P2GC_Intelligence\MILES_ENTERPRISE\SERVICES\Browser\BrowserSessionManager.js","3608","7/1/2026 3:27:50 PM"
"D:\P2GC_Intelligence\MILES_ENTERPRISE\SERVICES\Browser\Workers\InstantlyCampaignOperator.js","12985","7/2/2026 4:34:18 PM"
"D:\P2GC_Intelligence\MILES_ENTERPRISE\SERVICES\capability_builder\AutonomousCapabilityBuilderService.js","8303","7/10/2026 1:32:48 PM"
"D:\P2GC_Intelligence\MILES_ENTERPRISE\SERVICES\capability_engine\CapabilityDeploymentEngine.js","24142","7/5/2026 9:39:46 PM"
"D:\P2GC_Intelligence\MILES_ENTERPRISE\SERVICES\capability_engine\CapabilityDeploymentEngineManager.js","8984","7/5/2026 9:42:14 PM"
"D:\P2GC_Intelligence\MILES_ENTERPRISE\SERVICES\connector_runtime\ConnectorRuntime.js","25323","7/11/2026 2:21:48 PM"
"D:\P2GC_Intelligence\MILES_ENTERPRISE\SERVICES\connector_runtime\ConnectorRuntimeManager.js","6733","7/5/2026 11:11:34 PM"
"D:\P2GC_Intelligence\MILES_ENTERPRISE\SERVICES\Decision\ApprovalEngine.js","634","7/1/2026 1:35:14 PM"
"D:\P2GC_Intelligence\MILES_ENTERPRISE\SERVICES\Decision\AuthorityEngine.js","2667","7/15/2026 8:46:54 PM"
"D:\P2GC_Intelligence\MILES_ENTERPRISE\SERVICES\Decision\ConfidenceEngine.js","696","7/1/2026 1:34:46 PM"
"D:\P2GC_Intelligence\MILES_ENTERPRISE\SERVICES\Decision\DecisionEngine.js","1112","7/1/2026 1:35:38 PM"
"D:\P2GC_Intelligence\MILES_ENTERPRISE\SERVICES\Decision\PolicyEngine.js","912","7/1/2026 1:34:16 PM"
"D:\P2GC_Intelligence\MILES_ENTERPRISE\SERVICES\Decision\RiskEngine.js","868","7/1/2026 1:33:44 PM"
"D:\P2GC_Intelligence\MILES_ENTERPRISE\SERVICES\decision_engine\AutonomousDecisionEngine.js","20123","7/5/2026 9:35:14 PM"
"D:\P2GC_Intelligence\MILES_ENTERPRISE\SERVICES\decision_engine\AutonomousDecisionEngineManager.js","8914","7/5/2026 9:36:46 PM"
"D:\P2GC_Intelligence\MILES_ENTERPRISE\SERVICES\digital_coo\COOBusinessStateEngine.js","19660","7/5/2026 10:41:54 PM"
"D:\P2GC_Intelligence\MILES_ENTERPRISE\SERVICES\digital_coo\COOExecutionLoop.js","15811","7/5/2026 10:36:44 PM"
"D:\P2GC_Intelligence\MILES_ENTERPRISE\SERVICES\digital_coo\COOGoalEngine.js","12835","7/5/2026 10:34:38 PM"
"D:\P2GC_Intelligence\MILES_ENTERPRISE\SERVICES\digital_coo\DigitalCOOHost.js","28804","7/9/2026 10:43:34 PM"
"D:\P2GC_Intelligence\MILES_ENTERPRISE\SERVICES\digital_coo\DigitalCOORuntime.js","23131","7/9/2026 11:00:26 PM"
"D:\P2GC_Intelligence\MILES_ENTERPRISE\SERVICES\digital_coo\DigitalCOORuntimeManager.js","16703","7/5/2026 9:31:30 PM"
"D:\P2GC_Intelligence\MILES_ENTERPRISE\SERVICES\digital_coo\MarketingCOOService.js","5230","7/8/2026 5:00:06 PM"
"D:\P2GC_Intelligence\MILES_ENTERPRISE\SERVICES\digital_coo\MilesCommandCenter.js","15285","7/20/2026 4:37:48 PM"
"D:\P2GC_Intelligence\MILES_ENTERPRISE\SERVICES\digital_coo\MilesExecutionTracer.js","4547","7/5/2026 11:27:52 PM"
"D:\P2GC_Intelligence\MILES_ENTERPRISE\SERVICES\digital_coo\InstantlyCOOService.js","27245","7/17/2026 6:34:48 PM"
"D:\P2GC_Intelligence\MILES_ENTERPRISE\SERVICES\digital_coo\MilesCommandCenter.js.bak","21923","7/20/2026 1:14:36 PM"
"D:\P2GC_Intelligence\MILES_ENTERPRISE\SERVICES\digital_coo\MilesCommandCenter.js.pre_static_refactor.bak","21923","7/20/2026 1:14:36 PM"
"D:\P2GC_Intelligence\MILES_ENTERPRISE\SERVICES\digital_coo\public\index.html","3000","7/20/2026 1:30:52 PM"
"D:\P2GC_Intelligence\MILES_ENTERPRISE\SERVICES\digital_coo\public\styles.css","5073","7/20/2026 1:30:52 PM"
"D:\P2GC_Intelligence\MILES_ENTERPRISE\SERVICES\digital_coo\public\app.js","8857","7/20/2026 1:30:52 PM"
"D:\P2GC_Intelligence\MILES_ENTERPRISE\SERVICES\Discovery\DiscoveryEngine.js","9975","7/1/2026 8:54:20 PM"
"D:\P2GC_Intelligence\MILES_ENTERPRISE\SERVICES\Discovery\MarketingDiscovery.js","1782","7/1/2026 2:27:02 PM"
"D:\P2GC_Intelligence\MILES_ENTERPRISE\SERVICES\Discovery\OrionDiscovery.js","1625","7/1/2026 2:27:38 PM"
"D:\P2GC_Intelligence\MILES_ENTERPRISE\SERVICES\Events\EventBus.js","3496","7/1/2026 1:44:06 PM"
"D:\P2GC_Intelligence\MILES_ENTERPRISE\SERVICES\Events\EventTypes.js","325","7/1/2026 1:50:06 PM"
"D:\P2GC_Intelligence\MILES_ENTERPRISE\SERVICES\Executive\CEOApprovalQueue.js","4166","7/1/2026 3:22:24 PM"
"D:\P2GC_Intelligence\MILES_ENTERPRISE\SERVICES\Executive\ExecutiveConfigurationService.js","10000","7/19/2026 8:39:04 PM"
"D:\P2GC_Intelligence\MILES_ENTERPRISE\SERVICES\Executive\ExecutiveDecisionEngine.js","18329","7/21/2026 9:45:38 PM"
"D:\P2GC_Intelligence\MILES_ENTERPRISE\SERVICES\Executive\ExecutiveContextService.js","8890","7/19/2026 8:55:50 PM"
"D:\P2GC_Intelligence\MILES_ENTERPRISE\SERVICES\Executive\ExecutiveMemoryService.js","12946","7/19/2026 9:01:38 PM"
"D:\P2GC_Intelligence\MILES_ENTERPRISE\SERVICES\Learning\ConfidenceAdjuster.js","640","7/1/2026 2:09:04 PM"
"D:\P2GC_Intelligence\MILES_ENTERPRISE\SERVICES\Learning\DecisionHistory.js","945","7/1/2026 2:09:30 PM"
"D:\P2GC_Intelligence\MILES_ENTERPRISE\SERVICES\Learning\LearningEngine.js","1317","7/1/2026 2:05:48 PM"
"D:\P2GC_Intelligence\MILES_ENTERPRISE\SERVICES\Learning\PerformanceScorer.js","778","7/1/2026 2:08:36 PM"
"D:\P2GC_Intelligence\MILES_ENTERPRISE\SERVICES\learning_engine\LearningEngine.js","11514","7/5/2026 9:25:02 PM"
"D:\P2GC_Intelligence\MILES_ENTERPRISE\SERVICES\learning_engine\LearningEngineManager.js","10285","7/5/2026 9:26:44 PM"
"D:\P2GC_Intelligence\MILES_ENTERPRISE\SERVICES\Memory\OperationalMemoryService.js","2464","7/1/2026 1:58:34 PM"
"D:\P2GC_Intelligence\MILES_ENTERPRISE\SERVICES\operation_kernel\OperationExecutionKernel.js","5776","7/5/2026 8:58:10 PM"
"D:\P2GC_Intelligence\MILES_ENTERPRISE\SERVICES\Planning\BasePlanner.js","1291","7/1/2026 1:08:04 PM"
"D:\P2GC_Intelligence\MILES_ENTERPRISE\SERVICES\Planning\ExecutivePlanner.js","2320","7/1/2026 1:10:00 PM"
"D:\P2GC_Intelligence\MILES_ENTERPRISE\SERVICES\Planning\MarketingPlanner.js","3313","7/1/2026 1:08:50 PM"
"D:\P2GC_Intelligence\MILES_ENTERPRISE\SERVICES\Planning\OrionPlanner.js","6723","7/1/2026 9:27:50 PM"
"D:\P2GC_Intelligence\MILES_ENTERPRISE\SERVICES\Planning\PlannerRegistry.js","916","7/1/2026 1:10:34 PM"
"D:\P2GC_Intelligence\MILES_ENTERPRISE\SERVICES\runtime\digital_coo_autonomy_supervisor.ps1","14795","7/5/2026 10:24:48 PM"
"D:\P2GC_Intelligence\MILES_ENTERPRISE\SERVICES\Supervisor\ExecutiveSupervisor.js","699","7/1/2026 2:39:40 PM"
"D:\P2GC_Intelligence\MILES_ENTERPRISE\SERVICES\workers\BaseCOOWorker.js","11956","7/5/2026 9:54:30 PM"
"D:\P2GC_Intelligence\MILES_ENTERPRISE\SERVICES\workers\GoogleWorkspaceCOOWorker.js","26977","7/5/2026 10:06:20 PM"
"D:\P2GC_Intelligence\MILES_ENTERPRISE\SERVICES\workers\InstantlyCOOWorker.js","29047","7/5/2026 9:59:44 PM"
"D:\P2GC_Intelligence\MILES_ENTERPRISE\SERVICES\workers\NamecheapCOOWorker.js","26062","7/5/2026 10:08:44 PM"
"D:\P2GC_Intelligence\MILES_ENTERPRISE\SERVICES\workers\WebsiteCOOWorker.js","25466","7/5/2026 9:56:50 PM"
"D:\P2GC_Intelligence\MILES_ENTERPRISE\SERVICES\worker_runtime\AutonomousWorkerScheduler.js","19457","7/5/2026 9:49:10 PM"
"D:\P2GC_Intelligence\MILES_ENTERPRISE\SERVICES\worker_runtime\AutonomousWorkOrchestrator.js","33339","7/18/2026 8:10:44 PM"
"D:\P2GC_Intelligence\MILES_ENTERPRISE\SERVICES\worker_runtime\AutonomousWorkOrchestratorManager.js","8871","7/5/2026 10:14:46 PM"
"D:\P2GC_Intelligence\MILES_ENTERPRISE\SERVICES\worker_runtime\BaseAutonomousWorker.js","16579","7/5/2026 9:46:04 PM"
"D:\P2GC_Intelligence\MILES_ENTERPRISE\SERVICES\worker_runtime\TaskExecutionWorker.js","13121","7/9/2026 11:29:16 PM"
"D:\P2GC_Intelligence\MILES_ENTERPRISE\SERVICES\worker_runtime\WorkerDispatcher.js","6557","7/18/2026 8:10:44 PM"
"D:\P2GC_Intelligence\MILES_ENTERPRISE\SERVICES\worker_runtime\WorkerRegistry.js","7539","7/5/2026 11:02:40 PM"
"D:\P2GC_Intelligence\MILES_ENTERPRISE\SERVICES\worker_runtime\WorkerRuntime.js","8183","7/8/2026 4:26:00 PM"
"D:\P2GC_Intelligence\MILES_ENTERPRISE\SERVICES\worker_runtime\WorkerRuntimeManager.js","6497","7/5/2026 9:15:02 PM"
"D:\P2GC_Intelligence\MILES_ENTERPRISE\SERVICES\worker_runtime\TaskExecutionWorker.js.backup_20260709","8238","7/9/2026 7:07:34 PM"
"D:\P2GC_Intelligence\MILES_ENTERPRISE\SERVICES\worker_runtime\AutonomousWorkOrchestrator.js.backup_20260718_201042","32862","7/5/2026 10:13:36 PM"
"D:\P2GC_Intelligence\MILES_ENTERPRISE\SERVICES\worker_runtime\WorkerDispatcher.js.backup_20260718_201042","6462","7/5/2026 11:06:56 PM"
"D:\P2GC_Intelligence\MILES_ENTERPRISE\SERVICES\_backups\ExecutionService.js.20260629_203919.bak","4230","6/29/2026 7:09:40 PM"
"D:\P2GC_Intelligence\MILES_ENTERPRISE\SERVICES\engineering\RepositoryInventoryService.js","4745","7/8/2026 6:41:38 PM"
"D:\P2GC_Intelligence\MILES_ENTERPRISE\SERVICES\WORKER_ADAPTERS\AtlasWorkerAdapter.js","461","7/9/2026 12:45:22 PM"
"D:\P2GC_Intelligence\MILES_ENTERPRISE\SERVICES\WORKER_ADAPTERS\ArchitectAdapter.js","292","7/9/2026 12:48:14 PM"
"D:\P2GC_Intelligence\MILES_ENTERPRISE\SERVICES\WORKER_ADAPTERS\BuilderAdapter.js","294","7/9/2026 12:50:00 PM"
"D:\P2GC_Intelligence\MILES_ENTERPRISE\SERVICES\WORKER_ADAPTERS\ValidatorAdapter.js","281","7/9/2026 12:57:58 PM"
"D:\P2GC_Intelligence\MILES_ENTERPRISE\SERVICES\WORKER_ADAPTERS\TesterAdapter.js","383","7/9/2026 2:35:36 PM"
"D:\P2GC_Intelligence\MILES_ENTERPRISE\SERVICES\WORKER_ADAPTERS\DeployerAdapter.js","0","7/9/2026 2:36:13 PM"
"D:\P2GC_Intelligence\MILES_ENTERPRISE\SERVICES\WORKER_ADAPTERS\RecoveryAdapter.js","485","7/9/2026 2:38:44 PM"
"D:\P2GC_Intelligence\MILES_ENTERPRISE\SERVICES\registry\EnterpriseComponentRegistryService.js","9159","7/10/2026 11:16:12 PM"
"D:\P2GC_Intelligence\MILES_ENTERPRISE\SERVICES\registry\EnterpriseCapabilityRegistryService.js","7884","7/10/2026 11:16:12 PM"
"D:\P2GC_Intelligence\MILES_ENTERPRISE\SERVICES\runtime_registry\RuntimeRegistryService.js","37338","7/10/2026 9:02:00 PM"
"D:\P2GC_Intelligence\MILES_ENTERPRISE\SERVICES\runtime_registry\RuntimeRegistryClient.js","2293","7/10/2026 11:37:02 PM"
"D:\P2GC_Intelligence\MILES_ENTERPRISE\SERVICES\governance\GovernanceAuditService.js","2749","7/16/2026 9:15:20 PM"
"D:\P2GC_Intelligence\MILES_ENTERPRISE\SERVICES\governance\DataAccessPolicyService.js","2625","7/16/2026 9:15:20 PM"
"D:\P2GC_Intelligence\MILES_ENTERPRISE\SERVICES\governance\DemoProtectionService.js","2074","7/16/2026 9:15:20 PM"
"D:\P2GC_Intelligence\MILES_ENTERPRISE\SERVICES\governance\PolicyEngineService.js","5339","7/20/2026 5:55:28 PM"
"D:\P2GC_Intelligence\MILES_ENTERPRISE\SERVICES\governance\ApprovalGateService.js","1505","7/16/2026 9:15:20 PM"
"D:\P2GC_Intelligence\MILES_ENTERPRISE\SERVICES\governance\ConstitutionalGuardianService.js","1839","7/16/2026 9:15:20 PM"
"D:\P2GC_Intelligence\MILES_ENTERPRISE\SERVICES\governance\CanonicalIntentService.js","9279","7/20/2026 5:55:26 PM"
"D:\P2GC_Intelligence\MILES_ENTERPRISE\SERVICES\marketing\MarketingStateReconciliationService.js","21251","7/20/2026 6:08:04 PM"
