"RelativePath","Name","Extension","SizeBytes","ModifiedUtc","Directory"
"state\business_operations_queue.json","business_operations_queue.json",".json","22376","2026-07-10T21:29:56.0000000Z","state"
"SERVICES\BusinessOperationsBridgeService.js","BusinessOperationsBridgeService.js",".js","14022","2026-07-10T21:28:08.0000000Z","SERVICES"
"executive_intelligence\coo_execution_loop_feed.json","coo_execution_loop_feed.json",".json","69051926","2026-07-10T18:42:50.0000000Z","executive_intelligence"
"executive_intelligence\coo_goal_engine_feed.json","coo_goal_engine_feed.json",".json","69502883","2026-07-10T18:42:48.0000000Z","executive_intelligence"
"DATA\runtime\work_queue.json.tmp_19768_1783708966348","work_queue.json.tmp_19768_1783708966348",".tmp_19768_1783708966348","30649623","2026-07-10T18:42:48.0000000Z","DATA\runtime"
"DATA\runtime\work_queue.json","work_queue.json",".json","30741221","2026-07-10T18:42:48.0000000Z","DATA\runtime"
"runtime\connector_runtime_manager\connector_runtime_manager_state.json","connector_runtime_manager_state.json",".json","1534","2026-07-10T18:42:44.0000000Z","runtime\connector_runtime_manager"
"state\digital_coo_host_state.json","digital_coo_host_state.json",".json","605","2026-07-10T18:42:44.0000000Z","state"
"DATA\executive\latest_coo_cycle.md","latest_coo_cycle.md",".md","1213","2026-07-10T18:42:30.0000000Z","DATA\executive"
"DATA\autonomous_repair\latest_repair_plan.json","latest_repair_plan.json",".json","3644","2026-07-10T18:42:30.0000000Z","DATA\autonomous_repair"
"DATA\executive\latest_mission_plan.json","latest_mission_plan.json",".json","4586","2026-07-10T18:42:30.0000000Z","DATA\executive"
"DATA\executive\latest_executive_state.json","latest_executive_state.json",".json","2","2026-07-10T18:42:30.0000000Z","DATA\executive"
"DATA\executive\latest_executive_brief.json","latest_executive_brief.json",".json","1362","2026-07-10T18:42:30.0000000Z","DATA\executive"
"DATA\capability_backlog\latest_capability_backlog.json","latest_capability_backlog.json",".json","3335","2026-07-10T18:42:30.0000000Z","DATA\capability_backlog"
"DATA\runtime\latest_coo_cycle.json","latest_coo_cycle.json",".json","4754485","2026-07-10T18:42:30.0000000Z","DATA\runtime"
"DATA\executive\latest_universal_health.json","latest_universal_health.json",".json","1653","2026-07-10T18:42:30.0000000Z","DATA\executive"
"DATA\executive\latest_executive_brief.md","latest_executive_brief.md",".md","721","2026-07-10T18:42:30.0000000Z","DATA\executive"
"DATA\executive\latest_autonomy_scorecard.json","latest_autonomy_scorecard.json",".json","388","2026-07-10T18:42:30.0000000Z","DATA\executive"
"runtime\digital_coo\digital_coo_executive_summary.json","digital_coo_executive_summary.json",".json","11068166","2026-07-10T18:42:22.0000000Z","runtime\digital_coo"
"runtime\digital_coo\digital_coo_runtime_manager_state.json","digital_coo_runtime_manager_state.json",".json","56005704","2026-07-10T18:42:22.0000000Z","runtime\digital_coo"
"runtime\digital_coo\operation_queue.json","operation_queue.json",".json","2","2026-07-10T18:42:20.0000000Z","runtime\digital_coo"
"DATA\recovery\recovery_report.json","recovery_report.json",".json","4582","2026-07-10T18:42:04.0000000Z","DATA\recovery"
"DATA\state\executive_state.json","executive_state.json",".json","121408","2026-07-10T18:42:04.0000000Z","DATA\state"
"DATA\executive_state.json","executive_state.json",".json","66495","2026-07-10T18:42:00.0000000Z","DATA"
"DATA\runtime\atlas_runtime_report.json","atlas_runtime_report.json",".json","3575","2026-07-10T18:42:00.0000000Z","DATA\runtime"
"learning\coo_execution_learning_feed.json","coo_execution_learning_feed.json",".json","421","2026-07-10T18:41:46.0000000Z","learning"
"recovery\coo_execution_recovery.json","coo_execution_recovery.json",".json","234","2026-07-10T18:41:46.0000000Z","recovery"
"state\coo_execution_loop_state.json","coo_execution_loop_state.json",".json","447","2026-07-10T18:41:46.0000000Z","state"
"MILES_EXECUTION_LOG.csv","MILES_EXECUTION_LOG.csv",".csv","23258319","2026-07-10T17:35:46.0000000Z",""
"runtime\worker_dispatcher\worker_dispatcher_state.json","worker_dispatcher_state.json",".json","375","2026-07-10T17:35:42.0000000Z","runtime\worker_dispatcher"
"recovery\coo_business_state_recovery.json","coo_business_state_recovery.json",".json","345","2026-07-10T17:35:42.0000000Z","recovery"
"runtime\worker_registry\registered_workers.json","registered_workers.json",".json","775","2026-07-10T17:35:42.0000000Z","runtime\worker_registry"
"runtime\connector_runtime_state.json","connector_runtime_state.json",".json","498","2026-07-10T17:35:42.0000000Z","runtime"
"runtime\worker_registry\worker_registry_state.json","worker_registry_state.json",".json","319","2026-07-10T17:35:42.0000000Z","runtime\worker_registry"
"state\digital_coo_boot_report.json","digital_coo_boot_report.json",".json","637","2026-07-10T17:35:42.0000000Z","state"
"state\coo_business_state.json","coo_business_state.json",".json","2858","2026-07-10T17:35:42.0000000Z","state"
"state\coo_business_state_engine_runtime.json","coo_business_state_engine_runtime.json",".json","320","2026-07-10T17:35:42.0000000Z","state"
"learning\coo_business_state_learning_feed.json","coo_business_state_learning_feed.json",".json","448","2026-07-10T17:35:42.0000000Z","learning"
"executive_intelligence\coo_business_state_feed.json","coo_business_state_feed.json",".json","1392","2026-07-10T17:35:42.0000000Z","executive_intelligence"
"DATA\runtime\work_queue.json.tmp_21228_1783704922107","work_queue.json.tmp_21228_1783704922107",".tmp_21228_1783704922107","30589459","2026-07-10T17:35:24.0000000Z","DATA\runtime"
"CONNECTORS\MILES\connector.js","connector.js",".js","582","2026-07-10T17:34:36.0000000Z","CONNECTORS\MILES"
"SERVICES\capability_builder\AutonomousCapabilityBuilderService.js","AutonomousCapabilityBuilderService.js",".js","8303","2026-07-10T17:32:48.0000000Z","SERVICES\capability_builder"
"event-bus\emitter.js","emitter.js",".js","575","2026-07-10T17:18:52.0000000Z","event-bus"
"DATABASE\miles.db","miles.db",".db","2293760","2026-07-10T17:08:04.0000000Z","DATABASE"
"WORKERS\cooWorker.js","cooWorker.js",".js","1029","2026-07-10T17:07:40.0000000Z","WORKERS"
"DATA\runtime\task_queue.json","task_queue.json",".json","1178980","2026-07-10T03:33:22.0000000Z","DATA\runtime"
"CONNECTORS\INSTANTLY\connector.js","connector.js",".js","1481","2026-07-10T03:32:22.0000000Z","CONNECTORS\INSTANTLY"
"runtime\workers\TASK_EXECUTION_WORKER\worker_state.json","worker_state.json",".json","840","2026-07-10T03:29:50.0000000Z","runtime\workers\TASK_EXECUTION_WORKER"
"runtime\workers\TASK_EXECUTION_WORKER\heartbeat.json","heartbeat.json",".json","2","2026-07-10T03:29:50.0000000Z","runtime\workers\TASK_EXECUTION_WORKER"
"runtime\workers\TASK_EXECUTION_WORKER\execution_log.jsonl","execution_log.jsonl",".jsonl","0","2026-07-10T03:29:49.7700000Z","runtime\workers\TASK_EXECUTION_WORKER"
"runtime\workers\TASK_EXECUTION_WORKER\error_log.jsonl","error_log.jsonl",".jsonl","0","2026-07-10T03:29:49.7700000Z","runtime\workers\TASK_EXECUTION_WORKER"
"SERVICES\worker_runtime\TaskExecutionWorker.js","TaskExecutionWorker.js",".js","13121","2026-07-10T03:29:16.0000000Z","SERVICES\worker_runtime"
"InstantlyCOOWorker_dump.txt","InstantlyCOOWorker_dump.txt",".txt","58100","2026-07-10T03:22:38.0000000Z",""
"runtime\instantly_coo\instantly_state.json","instantly_state.json",".json","592","2026-07-10T03:13:28.0000000Z","runtime\instantly_coo"
"runtime\worker_dispatcher\dispatch_log.jsonl","dispatch_log.jsonl",".jsonl","4540","2026-07-10T03:13:28.0000000Z","runtime\worker_dispatcher"
"state\digital_coo_host_operation_queue.json","digital_coo_host_operation_queue.json",".json","36334","2026-07-10T03:13:28.0000000Z","state"
"runtime\instantly_coo\campaign_registry.json","campaign_registry.json",".json","2","2026-07-10T03:13:28.0000000Z","runtime\instantly_coo"
"runtime\instantly_coo\instantly_execution_log.jsonl","instantly_execution_log.jsonl",".jsonl","440","2026-07-10T03:13:28.0000000Z","runtime\instantly_coo"
"SERVICES\CommandIntentPlannerService.js","CommandIntentPlannerService.js",".js","11240","2026-07-10T03:11:52.0000000Z","SERVICES"
"state\coo_operation_ledger.json","coo_operation_ledger.json",".json","13114","2026-07-10T03:03:46.0000000Z","state"
"SERVICES\digital_coo\DigitalCOORuntime.js","DigitalCOORuntime.js",".js","23131","2026-07-10T03:00:26.0000000Z","SERVICES\digital_coo"
"SERVICES\digital_coo\DigitalCOOHost.js","DigitalCOOHost.js",".js","28804","2026-07-10T02:43:34.0000000Z","SERVICES\digital_coo"
"runtime\learning_engine\learning_state.json","learning_state.json",".json","428","2026-07-10T00:59:06.0000000Z","runtime\learning_engine"
"runtime\learning_engine\learning_recommendations.json","learning_recommendations.json",".json","2","2026-07-10T00:59:06.0000000Z","runtime\learning_engine"
"state\coo_goals.json","coo_goals.json",".json","1619","2026-07-10T00:59:06.0000000Z","state"
"state\coo_ceo_approval_queue.json","coo_ceo_approval_queue.json",".json","107","2026-07-10T00:59:06.0000000Z","state"
"state\coo_kpis.json","coo_kpis.json",".json","325","2026-07-10T00:59:06.0000000Z","state"
"state\coo_priorities.json","coo_priorities.json",".json","766","2026-07-10T00:59:06.0000000Z","state"
"state\coo_executive_alerts.json","coo_executive_alerts.json",".json","104","2026-07-10T00:59:06.0000000Z","state"
"runtime\digital_coo\failed_operations.jsonl","failed_operations.jsonl",".jsonl","0","2026-07-10T00:59:05.7800000Z","runtime\digital_coo"
"runtime\digital_coo\completed_operations.jsonl","completed_operations.jsonl",".jsonl","0","2026-07-10T00:59:05.7800000Z","runtime\digital_coo"
"runtime\learning_engine\learning_events.jsonl","learning_events.jsonl",".jsonl","0","2026-07-10T00:59:05.6900000Z","runtime\learning_engine"
"runtime\connector_execution_log.jsonl","connector_execution_log.jsonl",".jsonl","0","2026-07-10T00:59:05.5200000Z","runtime"
"TESTS\Test_BUILD058_ServiceRegistry.js","Test_BUILD058_ServiceRegistry.js",".js","853","2026-07-10T00:44:50.0000000Z","TESTS"
"CORE\Kernel\ServiceRegistry.js","ServiceRegistry.js",".js","5519","2026-07-10T00:44:08.0000000Z","CORE\Kernel"
"SERVICES\ExecutiveIntelligenceService.js","ExecutiveIntelligenceService.js",".js","5029","2026-07-10T00:43:24.0000000Z","SERVICES"
"TESTS\Test_BUILD057_EnterpriseRuntimeManager.js","Test_BUILD057_EnterpriseRuntimeManager.js",".js","467","2026-07-10T00:42:32.0000000Z","TESTS"
"SERVICES\EnterpriseRuntimeManager.js","EnterpriseRuntimeManager.js",".js","4587","2026-07-10T00:37:08.0000000Z","SERVICES"
"TESTS\Test_BUILD056_RuntimeConsolidationAudit.js","Test_BUILD056_RuntimeConsolidationAudit.js",".js","946","2026-07-10T00:35:02.0000000Z","TESTS"
"SERVICES\RuntimeConsolidationAuditService.js","RuntimeConsolidationAuditService.js",".js","5984","2026-07-10T00:34:30.0000000Z","SERVICES"
"SERVICES\MissionCreationService.js","MissionCreationService.js",".js","6109","2026-07-10T00:04:14.0000000Z","SERVICES"
"DATA\missions\active_missions.json","active_missions.json",".json","356","2026-07-09T23:52:56.0000000Z","DATA\missions"
"DATA\missions\mission_history.json","mission_history.json",".json","144","2026-07-09T23:52:56.0000000Z","DATA\missions"
"TESTS\Test_BUILD055_MissionCreationService.js","Test_BUILD055_MissionCreationService.js",".js","832","2026-07-09T23:52:40.0000000Z","TESTS"
"DATA\instantly\executive_advisor.json","executive_advisor.json",".json","2968","2026-07-09T23:50:18.0000000Z","DATA\instantly"
"SERVICES\InstantlyExecutiveAdvisor.js","InstantlyExecutiveAdvisor.js",".js","4647","2026-07-09T23:50:04.0000000Z","SERVICES"
"TESTS\Test_BUILD054_ExecutiveAdvisor.js","Test_BUILD054_ExecutiveAdvisor.js",".js","960","2026-07-09T23:40:26.0000000Z","TESTS"
"DATA\instantly_live\latest_instantly_live_run.json","latest_instantly_live_run.json",".json","1981","2026-07-09T23:38:28.0000000Z","DATA\instantly_live"
"DATA\instantly\campaign_inventory.json","campaign_inventory.json",".json","7032","2026-07-09T23:38:28.0000000Z","DATA\instantly"
"DATA\instantly_live\execution_history.json","execution_history.json",".json","110272","2026-07-09T23:38:28.0000000Z","DATA\instantly_live"
"DATA\instantly_live\instantly_live_report.md","instantly_live_report.md",".md","367","2026-07-09T23:38:28.0000000Z","DATA\instantly_live"
"DATA\instantly_live\latest_execution.json","latest_execution.json",".json","999","2026-07-09T23:38:28.0000000Z","DATA\instantly_live"
"DATA\instantly_live\instantly_live_state.json","instantly_live_state.json",".json","1981","2026-07-09T23:38:28.0000000Z","DATA\instantly_live"
"TESTS\Test_BUILD053_CampaignInventory.js","Test_BUILD053_CampaignInventory.js",".js","1088","2026-07-09T23:38:14.0000000Z","TESTS"
"SERVICES\InstantlyCampaignInventoryService.js","InstantlyCampaignInventoryService.js",".js","4749","2026-07-09T23:37:12.0000000Z","SERVICES"
"TESTS\Test_BUILD052_CampaignIntelligence.js","Test_BUILD052_CampaignIntelligence.js",".js","1126","2026-07-09T23:27:36.0000000Z","TESTS"
"TESTS\Test_BUILD051_ListCampaigns.js","Test_BUILD051_ListCampaigns.js",".js","1173","2026-07-09T23:26:40.0000000Z","TESTS"
"DATA\instantly_live\latest_health.json","latest_health.json",".json","1094","2026-07-09T23:25:26.0000000Z","DATA\instantly_live"
"TESTS\Test_BUILD050_InstantlyLiveConnector.js","Test_BUILD050_InstantlyLiveConnector.js",".js","1291","2026-07-09T23:25:12.0000000Z","TESTS"
"TESTS\Test_BUILD051_EnvironmentAudit.js","Test_BUILD051_EnvironmentAudit.js",".js","909","2026-07-09T23:15:40.0000000Z","TESTS"
"runtime\workers\INSTANTLY_COO_WORKER\worker_state.json","worker_state.json",".json","928","2026-07-09T23:10:58.0000000Z","runtime\workers\INSTANTLY_COO_WORKER"
"runtime\coo_workers\INSTANTLY_COO_WORKER\coo_report.json","coo_report.json",".json","2","2026-07-09T23:10:58.0000000Z","runtime\coo_workers\INSTANTLY_COO_WORKER"
"runtime\workers\INSTANTLY_COO_WORKER\heartbeat.json","heartbeat.json",".json","2","2026-07-09T23:10:58.0000000Z","runtime\workers\INSTANTLY_COO_WORKER"
"runtime\instantly_coo\segment_inventory.json","segment_inventory.json",".json","2","2026-07-09T23:10:58.0000000Z","runtime\instantly_coo"
"runtime\instantly_coo\lead_upload_queue.json","lead_upload_queue.json",".json","2","2026-07-09T23:10:58.0000000Z","runtime\instantly_coo"
"runtime\coo_workers\INSTANTLY_COO_WORKER\work_queue.json","work_queue.json",".json","2","2026-07-09T23:10:58.0000000Z","runtime\coo_workers\INSTANTLY_COO_WORKER"
"runtime\instantly_coo\instantly_report.json","instantly_report.json",".json","2","2026-07-09T23:10:58.0000000Z","runtime\instantly_coo"
"runtime\instantly_coo\deliverability_log.jsonl","deliverability_log.jsonl",".jsonl","0","2026-07-09T23:10:56.4300000Z","runtime\instantly_coo"
"runtime\coo_workers\INSTANTLY_COO_WORKER\completed_work.jsonl","completed_work.jsonl",".jsonl","0","2026-07-09T23:10:56.3500000Z","runtime\coo_workers\INSTANTLY_COO_WORKER"
"runtime\coo_workers\INSTANTLY_COO_WORKER\failed_work.jsonl","failed_work.jsonl",".jsonl","0","2026-07-09T23:10:56.3500000Z","runtime\coo_workers\INSTANTLY_COO_WORKER"
"runtime\workers\INSTANTLY_COO_WORKER\error_log.jsonl","error_log.jsonl",".jsonl","0","2026-07-09T23:10:56.1900000Z","runtime\workers\INSTANTLY_COO_WORKER"
"runtime\workers\INSTANTLY_COO_WORKER\execution_log.jsonl","execution_log.jsonl",".jsonl","0","2026-07-09T23:10:56.1900000Z","runtime\workers\INSTANTLY_COO_WORKER"
"TESTS\Test_Build049_InstantlyCOOWorkerExecution.js","Test_Build049_InstantlyCOOWorkerExecution.js",".js","1115","2026-07-09T23:10:44.0000000Z","TESTS"
"SERVICES\worker_runtime\TaskExecutionWorker.js.backup_20260709","TaskExecutionWorker.js.backup_20260709",".backup_20260709","8238","2026-07-09T23:07:34.0000000Z","SERVICES\worker_runtime"
"DATA\runtime\capability_registry.json","capability_registry.json",".json","1809","2026-07-09T23:01:30.0000000Z","DATA\runtime"
"TESTS\Test_Build049_InstantlyWorkerTrace.js","Test_Build049_InstantlyWorkerTrace.js",".js","2921","2026-07-09T22:59:16.0000000Z","TESTS"
"TESTS\Test_Build048_EndToEndMissionTrace.js","Test_Build048_EndToEndMissionTrace.js",".js","2064","2026-07-09T22:57:02.0000000Z","TESTS"
"TESTS\Test_Build047_RuntimeWiring.js","Test_Build047_RuntimeWiring.js",".js","2037","2026-07-09T22:55:30.0000000Z","TESTS"
"TESTS\Test_Build047_InstantlyInventoryCheck.js","Test_Build047_InstantlyInventoryCheck.js",".js","1712","2026-07-09T22:54:22.0000000Z","TESTS"
"TESTS\Test_Build046_RuntimeActivationAudit.js","Test_Build046_RuntimeActivationAudit.js",".js","576","2026-07-09T22:40:06.0000000Z","TESTS"
"SERVICES\RuntimeActivationAuditService.js","RuntimeActivationAuditService.js",".js","3443","2026-07-09T22:39:38.0000000Z","SERVICES"
"TESTS\Test_Build046_BusinessWorker.js","Test_Build046_BusinessWorker.js",".js","624","2026-07-09T22:34:42.0000000Z","TESTS"
"SERVICES\BusinessWorker.js","BusinessWorker.js",".js","1289","2026-07-09T22:34:02.0000000Z","SERVICES"
"TESTS\Test_Build045_WorkerContract.js","Test_Build045_WorkerContract.js",".js","1010","2026-07-09T22:32:50.0000000Z","TESTS"
"SERVICES\WorkerContract.js","WorkerContract.js",".js","1120","2026-07-09T22:32:26.0000000Z","SERVICES"
"TESTS\Test_Build044_WorkerSelector.js","Test_Build044_WorkerSelector.js",".js","1023","2026-07-09T22:30:36.0000000Z","TESTS"
"SERVICES\WorkerSelector.js","WorkerSelector.js",".js","1112","2026-07-09T22:30:08.0000000Z","SERVICES"
"DATA\runtime\worker_registry.json","worker_registry.json",".json","1385","2026-07-09T22:27:20.0000000Z","DATA\runtime"
"TESTS\Test_Build043_MissionCapabilityResolver.js","Test_Build043_MissionCapabilityResolver.js",".js","353","2026-07-09T22:25:12.0000000Z","TESTS"
"SERVICES\MissionCapabilityResolver.js","MissionCapabilityResolver.js",".js","1167","2026-07-09T22:24:36.0000000Z","SERVICES"
"TESTS\Test_Build042_ExecutiveEnvironment.js","Test_Build042_ExecutiveEnvironment.js",".js","391","2026-07-09T22:22:52.0000000Z","TESTS"
"SERVICES\ExecutiveEnvironmentService.js","ExecutiveEnvironmentService.js",".js","935","2026-07-09T22:21:40.0000000Z","SERVICES"
"TESTS\Test_Build042_AssetRegistry.js","Test_Build042_AssetRegistry.js",".js","538","2026-07-09T22:18:32.0000000Z","TESTS"
"SERVICES\AssetRegistry.js","AssetRegistry.js",".js","939","2026-07-09T22:17:48.0000000Z","SERVICES"
"DATA\runtime\asset_registry.json","asset_registry.json",".json","868","2026-07-09T22:17:18.0000000Z","DATA\runtime"
"TESTS\Test_Build042_CapabilityRegistry.js","Test_Build042_CapabilityRegistry.js",".js","780","2026-07-09T22:14:58.0000000Z","TESTS"
"SERVICES\CapabilityRegistry.js","CapabilityRegistry.js",".js","1466","2026-07-09T22:14:24.0000000Z","SERVICES"
"TESTS\Test_Build042_ConfigService.js","Test_Build042_ConfigService.js",".js","414","2026-07-09T22:10:48.0000000Z","TESTS"
"SERVICES\ConfigService.js","ConfigService.js",".js","1624","2026-07-09T22:10:14.0000000Z","SERVICES"
"SERVICES\LearningDataService.js","LearningDataService.js",".js","2980","2026-07-09T22:00:10.0000000Z","SERVICES"
"TESTS\Test_Build041_LearningIntegration.js","Test_Build041_LearningIntegration.js",".js","632","2026-07-09T21:56:20.0000000Z","TESTS"
"DATA\self_learning\resolution_history.json","resolution_history.json",".json","214","2026-07-09T20:02:00.0000000Z","DATA\self_learning"
"SERVICES\ResolutionEngine.js","ResolutionEngine.js",".js","1506","2026-07-09T20:01:38.0000000Z","SERVICES"
"SERVICES\ResolutionMemoryService.js","ResolutionMemoryService.js",".js","1518","2026-07-09T19:59:18.0000000Z","SERVICES"
"ENGINEERING\Missions\MISSION-1783622461986-nv6zxy.json","MISSION-1783622461986-nv6zxy.json",".json","2863","2026-07-09T19:49:04.0000000Z","ENGINEERING\Missions"
"ENGINEERING\Missions\MISSION-1783614776905-8urwa0.json","MISSION-1783614776905-8urwa0.json",".json","2820","2026-07-09T19:49:04.0000000Z","ENGINEERING\Missions"
"SERVICES\MissionLifecycleService.js","MissionLifecycleService.js",".js","3162","2026-07-09T19:48:34.0000000Z","SERVICES"
"TESTS\TestResolutionEngine.js","TestResolutionEngine.js",".js","442","2026-07-09T19:40:56.0000000Z","TESTS"
"TESTS\TestExecutiveDashboardData.js","TestExecutiveDashboardData.js",".js","180","2026-07-09T19:26:42.0000000Z","TESTS"
"SERVICES\DashboardDataService.js","DashboardDataService.js",".js","18523","2026-07-09T19:25:18.0000000Z","SERVICES"
"TESTS\TestMissionSupervisor.js","TestMissionSupervisor.js",".js","138","2026-07-09T19:06:36.0000000Z","TESTS"
"SERVICES\MissionSupervisor.js","MissionSupervisor.js",".js","1693","2026-07-09T19:05:48.0000000Z","SERVICES"
"TESTS\TestMissionLifecycle.js","TestMissionLifecycle.js",".js","143","2026-07-09T18:58:04.0000000Z","TESTS"
"ENGINEERING\Tickets\TICKET-1783623190950-69sj7f.json","TICKET-1783623190950-69sj7f.json",".json","513","2026-07-09T18:53:12.0000000Z","ENGINEERING\Tickets"
"ENGINEERING\Missions\MISSION-1783623190949-delka0.json","MISSION-1783623190949-delka0.json",".json","2711","2026-07-09T18:53:12.0000000Z","ENGINEERING\Missions"
"ENGINEERING\Tickets\TICKET-1783623190950-h03u9h.json","TICKET-1783623190950-h03u9h.json",".json","525","2026-07-09T18:53:12.0000000Z","ENGINEERING\Tickets"
"DATA\queue\pending.json","pending.json",".json","4000","2026-07-09T18:53:12.0000000Z","DATA\queue"
"ENGINEERING\Tickets\TICKET-1783623190950-956ikg.json","TICKET-1783623190950-956ikg.json",".json","525","2026-07-09T18:53:12.0000000Z","ENGINEERING\Tickets"
"ENGINEERING\Tickets\TICKET-1783623190950-mh2zk6.json","TICKET-1783623190950-mh2zk6.json",".json","519","2026-07-09T18:53:12.0000000Z","ENGINEERING\Tickets"
"TESTS\TestExecutiveToEngineeringFlow.js","TestExecutiveToEngineeringFlow.js",".js","800","2026-07-09T18:53:02.0000000Z","TESTS"
"SERVICES\DepartmentBootstrap.js","DepartmentBootstrap.js",".js","446","2026-07-09T18:52:36.0000000Z","SERVICES"
"DIGITAL_COO\Engineering\EngineeringDepartment.js","EngineeringDepartment.js",".js","512","2026-07-09T18:51:18.0000000Z","DIGITAL_COO\Engineering"
"SERVICES\DepartmentMissionAdapter.js","DepartmentMissionAdapter.js",".js","894","2026-07-09T18:48:24.0000000Z","SERVICES"
"SERVICES\ExecutiveMissionRouter.js","ExecutiveMissionRouter.js",".js","2193","2026-07-09T18:47:32.0000000Z","SERVICES"
"TESTS\TestExecutiveMissionRouter.js","TestExecutiveMissionRouter.js",".js","592","2026-07-09T18:46:12.0000000Z","TESTS"
"ENGINEERING\Tickets\TICKET-1783622461994-t3n6qh.json","TICKET-1783622461994-t3n6qh.json",".json","523","2026-07-09T18:41:04.0000000Z","ENGINEERING\Tickets"
"DATA\queue\active.json","active.json",".json","2","2026-07-09T18:41:04.0000000Z","DATA\queue"
"ENGINEERING\Tickets\TICKET-1783622461994-697628.json","TICKET-1783622461994-697628.json",".json","535","2026-07-09T18:41:04.0000000Z","ENGINEERING\Tickets"
"DATA\queue\completed.json","completed.json",".json","17443","2026-07-09T18:41:04.0000000Z","DATA\queue"
"ENGINEERING\Tickets\TICKET-1783622461994-gj2jad.json","TICKET-1783622461994-gj2jad.json",".json","535","2026-07-09T18:41:04.0000000Z","ENGINEERING\Tickets"
"ENGINEERING\Tickets\TICKET-1783622461994-6sobu1.json","TICKET-1783622461994-6sobu1.json",".json","529","2026-07-09T18:41:04.0000000Z","ENGINEERING\Tickets"
"TESTS\TestFullEngineeringMission.js","TestFullEngineeringMission.js",".js","855","2026-07-09T18:40:54.0000000Z","TESTS"
"SERVICES\WorkerBootstrap.js","WorkerBootstrap.js",".js","1299","2026-07-09T18:39:38.0000000Z","SERVICES"
"SERVICES\WORKER_ADAPTERS\RecoveryAdapter.js","RecoveryAdapter.js",".js","485","2026-07-09T18:38:44.0000000Z","SERVICES\WORKER_ADAPTERS"
"SERVICES\WORKER_ADAPTERS\DeployerAdapter.js","DeployerAdapter.js",".js","0","2026-07-09T18:36:13.6900000Z","SERVICES\WORKER_ADAPTERS"
"SERVICES\WORKER_ADAPTERS\TesterAdapter.js","TesterAdapter.js",".js","383","2026-07-09T18:35:36.0000000Z","SERVICES\WORKER_ADAPTERS"
"SERVICES\WORKER_ADAPTERS\ValidatorAdapter.js","ValidatorAdapter.js",".js","281","2026-07-09T16:57:58.0000000Z","SERVICES\WORKER_ADAPTERS"
"DATA\queue\failed.json","failed.json",".json","7725","2026-07-09T16:56:06.0000000Z","DATA\queue"
"SERVICES\WORKER_ADAPTERS\BuilderAdapter.js","BuilderAdapter.js",".js","294","2026-07-09T16:50:00.0000000Z","SERVICES\WORKER_ADAPTERS"
"SERVICES\WORKER_ADAPTERS\ArchitectAdapter.js","ArchitectAdapter.js",".js","292","2026-07-09T16:48:14.0000000Z","SERVICES\WORKER_ADAPTERS"
"TESTS\TestRealWorkerRegistration.js","TestRealWorkerRegistration.js",".js","324","2026-07-09T16:46:32.0000000Z","TESTS"
"SERVICES\WORKER_ADAPTERS\AtlasWorkerAdapter.js","AtlasWorkerAdapter.js",".js","461","2026-07-09T16:45:22.0000000Z","SERVICES\WORKER_ADAPTERS"
"TESTS\TestWorkerRegistry.js","TestWorkerRegistry.js",".js","578","2026-07-09T16:42:56.0000000Z","TESTS"
"SERVICES\WorkerExecutionBridge.js","WorkerExecutionBridge.js",".js","1632","2026-07-09T16:42:30.0000000Z","SERVICES"
"SERVICES\WorkerRegistry.js","WorkerRegistry.js",".js","467","2026-07-09T16:39:58.0000000Z","SERVICES"
"TESTS\TestWorkerExecutionBridge.js","TestWorkerExecutionBridge.js",".js","628","2026-07-09T16:37:24.0000000Z","TESTS"
"ENGINEERING\Tickets\TICKET-1783614776913-vwkb65.json","TICKET-1783614776913-vwkb65.json",".json","535","2026-07-09T16:32:58.0000000Z","ENGINEERING\Tickets"
"ENGINEERING\Tickets\TICKET-1783614776913-ukflc6.json","TICKET-1783614776913-ukflc6.json",".json","529","2026-07-09T16:32:58.0000000Z","ENGINEERING\Tickets"
"ENGINEERING\Tickets\TICKET-1783614776913-9k9xfj.json","TICKET-1783614776913-9k9xfj.json",".json","523","2026-07-09T16:32:58.0000000Z","ENGINEERING\Tickets"
"ENGINEERING\Tickets\TICKET-1783614776913-e9cau8.json","TICKET-1783614776913-e9cau8.json",".json","535","2026-07-09T16:32:58.0000000Z","ENGINEERING\Tickets"
"TESTS\TestEngineeringMissionAdapter.js","TestEngineeringMissionAdapter.js",".js","414","2026-07-09T16:32:46.0000000Z","TESTS"
"DIGITAL_COO\Engineering\EngineeringMissionAdapter.js","EngineeringMissionAdapter.js",".js","688","2026-07-09T16:32:12.0000000Z","DIGITAL_COO\Engineering"
"DATA\canonical_runtime\miles_runtime.log","miles_runtime.log",".log","12750","2026-07-09T16:27:48.0000000Z","DATA\canonical_runtime"
"TESTS\TestEngineeringWorkerBridge.js","TestEngineeringWorkerBridge.js",".js","555","2026-07-09T16:27:36.0000000Z","TESTS"
"DIGITAL_COO\Engineering\EngineeringWorkerBridge.js","EngineeringWorkerBridge.js",".js","900","2026-07-09T16:26:58.0000000Z","DIGITAL_COO\Engineering"
"DIGITAL_COO\Engineering\EngineeringOrchestrator.js","EngineeringOrchestrator.js",".js","1423","2026-07-09T16:25:42.0000000Z","DIGITAL_COO\Engineering"
"TESTS\TestEngineeringOrchestrator.js","TestEngineeringOrchestrator.js",".js","419","2026-07-09T16:23:16.0000000Z","TESTS"
"TESTS\TestExecutiveToEngineering.js","TestExecutiveToEngineering.js",".js","700","2026-07-09T02:09:22.0000000Z","TESTS"
"TESTS\TestEngineeringQueue.js","TestEngineeringQueue.js",".js","547","2026-07-09T02:08:36.0000000Z","TESTS"
"DIGITAL_COO\Engineering\EngineeringProjectQueue.js","EngineeringProjectQueue.js",".js","1400","2026-07-09T02:08:12.0000000Z","DIGITAL_COO\Engineering"
"TESTS\TestCanonicalEventBus.js","TestCanonicalEventBus.js",".js","358","2026-07-09T02:07:18.0000000Z","TESTS"
"TESTS\TestDepartmentRegistry.js","TestDepartmentRegistry.js",".js","404","2026-07-09T02:04:22.0000000Z","TESTS"
"CORE\DepartmentRegistry.js","DepartmentRegistry.js",".js","1637","2026-07-09T01:58:28.0000000Z","CORE"
"DIGITAL_COO\Engineering\RunEngineeringCOO.js","RunEngineeringCOO.js",".js","1131","2026-07-09T01:54:14.0000000Z","DIGITAL_COO\Engineering"
"DIGITAL_COO\Engineering\EngineeringRegistry.js","EngineeringRegistry.js",".js","1362","2026-07-09T01:53:10.0000000Z","DIGITAL_COO\Engineering"
"DIGITAL_COO\Engineering\EngineeringCapacityPlanner.js","EngineeringCapacityPlanner.js",".js","1652","2026-07-09T01:51:36.0000000Z","DIGITAL_COO\Engineering"
"DIGITAL_COO\Engineering\EngineeringAssignmentEngine.js","EngineeringAssignmentEngine.js",".js","1518","2026-07-09T01:50:54.0000000Z","DIGITAL_COO\Engineering"
"DIGITAL_COO\Engineering\EngineeringPlanner.js","EngineeringPlanner.js",".js","1178","2026-07-09T01:50:16.0000000Z","DIGITAL_COO\Engineering"
"DIGITAL_COO\Engineering\EngineeringCOO.js","EngineeringCOO.js",".js","982","2026-07-09T01:49:36.0000000Z","DIGITAL_COO\Engineering"
"DATA\enterprise_db\Enterprise.db","Enterprise.db",".db","1011712","2026-07-09T01:18:28.0000000Z","DATA\enterprise_db"
"INFRASTRUCTURE\InfrastructureRegistrySync.js","InfrastructureRegistrySync.js",".js","8013","2026-07-09T01:18:24.0000000Z","INFRASTRUCTURE"
"INFRASTRUCTURE\RunInfrastructureRegistrySync.js","RunInfrastructureRegistrySync.js",".js","707","2026-07-09T01:18:24.0000000Z","INFRASTRUCTURE"
"INFRASTRUCTURE\RunEmailInfrastructureManager.js","RunEmailInfrastructureManager.js",".js","952","2026-07-09T01:11:12.0000000Z","INFRASTRUCTURE"
"INFRASTRUCTURE\EmailInfrastructureManager.js","EmailInfrastructureManager.js",".js","4902","2026-07-09T01:11:12.0000000Z","INFRASTRUCTURE"
"DATA\dashboards\marketing_executive_dashboard.json","marketing_executive_dashboard.json",".json","1044","2026-07-09T00:52:56.0000000Z","DATA\dashboards"
"DATA\dashboards\marketing_executive_dashboard.txt","marketing_executive_dashboard.txt",".txt","691","2026-07-09T00:52:56.0000000Z","DATA\dashboards"
"EXECUTIVE\ExecutiveDecisionEngine.js","ExecutiveDecisionEngine.js",".js","8017","2026-07-09T00:51:46.0000000Z","EXECUTIVE"
"PATCH_fix_decision_engine_safe.js","PATCH_fix_decision_engine_safe.js",".js","1714","2026-07-09T00:51:46.0000000Z",""
"PATCH_fix_decision_engine.js","PATCH_fix_decision_engine.js",".js","1892","2026-07-09T00:49:36.0000000Z",""
"DATA\exports\instantly\c9495996-ba29-4611-919e-c083fcd07ee7_P2GC_BELTWAY_AGENCY_TARGETS_1783558002832.csv","c9495996-ba29-4611-919e-c083fcd07ee7_P2GC_BELTWAY_AGENCY_TARGETS_1783558002832.csv",".csv","244","2026-07-09T00:46:44.0000000Z","DATA\exports\instantly"
"DATA\exports\instantly\ee309fba-2292-4d16-a2cf-b81e5a7f541b_P2GC_BELTWAY_AGENCY_TARGETS_1783558002184.csv","ee309fba-2292-4d16-a2cf-b81e5a7f541b_P2GC_BELTWAY_AGENCY_TARGETS_1783558002184.csv",".csv","246","2026-07-09T00:46:44.0000000Z","DATA\exports\instantly"
"DATA\exports\instantly\c7adf755-9035-478a-9efc-f69064e927c2_P2GC_BELTWAY_AGENCY_TARGETS_1783558002518.csv","c7adf755-9035-478a-9efc-f69064e927c2_P2GC_BELTWAY_AGENCY_TARGETS_1783558002518.csv",".csv","240","2026-07-09T00:46:44.0000000Z","DATA\exports\instantly"
"DATA\exports\instantly\e6200ed3-1620-4fff-a4fe-92df20615fd1_P2GC_BELTWAY_AGENCY_TARGETS_1783558000721.csv","e6200ed3-1620-4fff-a4fe-92df20615fd1_P2GC_BELTWAY_AGENCY_TARGETS_1783558000721.csv",".csv","244","2026-07-09T00:46:42.0000000Z","DATA\exports\instantly"
"DATA\exports\instantly\ed62cb8e-96bb-4a9f-95e4-5c326d1d11d3_P2GC_BELTWAY_AGENCY_TARGETS_1783558000133.csv","ed62cb8e-96bb-4a9f-95e4-5c326d1d11d3_P2GC_BELTWAY_AGENCY_TARGETS_1783558000133.csv",".csv","251","2026-07-09T00:46:42.0000000Z","DATA\exports\instantly"
"DATA\exports\instantly\e576391d-2506-49fb-8cf4-7f53a08bbaa8_P2GC_BELTWAY_AGENCY_TARGETS_1783558000414.csv","e576391d-2506-49fb-8cf4-7f53a08bbaa8_P2GC_BELTWAY_AGENCY_TARGETS_1783558000414.csv",".csv","249","2026-07-09T00:46:42.0000000Z","DATA\exports\instantly"
"DATA\exports\instantly\d032b6e9-57fa-46f7-b603-b9015e0e8d55_P2GC_BELTWAY_AGENCY_TARGETS_1783558001858.csv","d032b6e9-57fa-46f7-b603-b9015e0e8d55_P2GC_BELTWAY_AGENCY_TARGETS_1783558001858.csv",".csv","259","2026-07-09T00:46:42.0000000Z","DATA\exports\instantly"
"DATA\exports\instantly\f990817a-c420-4935-a159-7eda97dec196_P2GC_BELTWAY_AGENCY_TARGETS_1783558000996.csv","f990817a-c420-4935-a159-7eda97dec196_P2GC_BELTWAY_AGENCY_TARGETS_1783558000996.csv",".csv","246","2026-07-09T00:46:42.0000000Z","DATA\exports\instantly"
"DATA\exports\instantly\c4995272-21a1-4002-a7ed-57ff9d8fc35b_P2GC_BELTWAY_AGENCY_TARGETS_1783558001571.csv","c4995272-21a1-4002-a7ed-57ff9d8fc35b_P2GC_BELTWAY_AGENCY_TARGETS_1783558001571.csv",".csv","249","2026-07-09T00:46:42.0000000Z","DATA\exports\instantly"
"DATA\exports\instantly\f33f2df4-6235-4daa-9945-2832afedbb49_P2GC_BELTWAY_AGENCY_TARGETS_1783558001285.csv","f33f2df4-6235-4daa-9945-2832afedbb49_P2GC_BELTWAY_AGENCY_TARGETS_1783558001285.csv",".csv","240","2026-07-09T00:46:42.0000000Z","DATA\exports\instantly"
"DASHBOARDS\MarketingExecutiveDashboard.js","MarketingExecutiveDashboard.js",".js","2874","2026-07-09T00:44:02.0000000Z","DASHBOARDS"
"DIGITAL_COO\Marketing\MarketingUploadQueueEngine.js","MarketingUploadQueueEngine.js",".js","7077","2026-07-09T00:43:48.0000000Z","DIGITAL_COO\Marketing"
"EXECUTIVE\ExecutiveDecisionExecutor.js","ExecutiveDecisionExecutor.js",".js","3844","2026-07-09T00:40:40.0000000Z","EXECUTIVE"
"EXECUTIVE\RunExecutiveDecisionExecutor.js","RunExecutiveDecisionExecutor.js",".js","595","2026-07-09T00:40:40.0000000Z","EXECUTIVE"
"EXECUTIVE\RunExecutiveDecisionEngine.js","RunExecutiveDecisionEngine.js",".js","550","2026-07-09T00:37:44.0000000Z","EXECUTIVE"
"DASHBOARDS\RunMarketingExecutiveDashboard.js","RunMarketingExecutiveDashboard.js",".js","1885","2026-07-09T00:32:14.0000000Z","DASHBOARDS"
"MONITORING\RunCampaignMonitoring.js","RunCampaignMonitoring.js",".js","504","2026-07-09T00:29:16.0000000Z","MONITORING"
"MONITORING\CampaignMonitoringEngine.js","CampaignMonitoringEngine.js",".js","2430","2026-07-09T00:29:16.0000000Z","MONITORING"
"PROVIDERS\InstantlyProvider.js","InstantlyProvider.js",".js","1836","2026-07-09T00:27:48.0000000Z","PROVIDERS"
"SCHEDULER\RunDataDrivenScheduler.js","RunDataDrivenScheduler.js",".js","604","2026-07-09T00:24:50.0000000Z","SCHEDULER"
"SCHEDULER\EnterpriseSchedulerLoader.js","EnterpriseSchedulerLoader.js",".js","1643","2026-07-09T00:24:50.0000000Z","SCHEDULER"
"SCHEDULER\EnterpriseJobRegistry.js","EnterpriseJobRegistry.js",".js","3153","2026-07-09T00:22:04.0000000Z","SCHEDULER"
"SCHEDULER\RunJobRegistrySeed.js","RunJobRegistrySeed.js",".js","852","2026-07-09T00:22:04.0000000Z","SCHEDULER"
"SCHEDULER\RunMarketingWorkflow.js","RunMarketingWorkflow.js",".js","795","2026-07-09T00:19:28.0000000Z","SCHEDULER"
"SCHEDULER\MarketingWorkflow.js","MarketingWorkflow.js",".js","707","2026-07-09T00:19:28.0000000Z","SCHEDULER"
"SCHEDULER\RunSchedulerSmokeTest.js","RunSchedulerSmokeTest.js",".js","665","2026-07-09T00:18:42.0000000Z","SCHEDULER"
"SCHEDULER\EnterpriseScheduler.js","EnterpriseScheduler.js",".js","3100","2026-07-09T00:18:42.0000000Z","SCHEDULER"
"GOVERNANCE\ApprovalCommand.js","ApprovalCommand.js",".js","2661","2026-07-09T00:14:50.0000000Z","GOVERNANCE"
"PROVIDERS\BaseProvider.js","BaseProvider.js",".js","399","2026-07-09T00:11:56.0000000Z","PROVIDERS"
"PROVIDERS\ProviderRegistry.js","ProviderRegistry.js",".js","608","2026-07-09T00:11:56.0000000Z","PROVIDERS"
"EXECUTION\MarketingExecutionEngine.js","MarketingExecutionEngine.js",".js","1950","2026-07-09T00:11:56.0000000Z","EXECUTION"
