"RelativePath","Line","Marker","Text"
"SERVICES\COO_V11_RealWorldAgent.js","41","placeholder","// REAL GMAIL API CALL (placeholder endpoint structure)"
"SERVICES\COO_V9_ExecutionLayer.js","28","PLACEHOLDER","// PLACEHOLDER: replace with Gmail API / OAuth later"
"SERVICES\LiveProductionExecutionSystem.js","161","placeholder","// retry logic placeholder"
"SERVICES\RealWorldIntegrationLayer.js","7","placeholder","* - Gmail (via API placeholder)"
"SERVICES\RealWorldIntegrationLayer.js","37","PLACEHOLDER","// REAL GMAIL API PLACEHOLDER"
"SERVICES\WorkerContract.js","23","not implemented","reason: ""execute() not implemented"""
"SERVICES\WorkerContract.js","40","not implemented","reason: ""recover() not implemented"""
"SERVICES\digital_coo\MilesCommandCenter.js","319","placeholder","<textarea id=""cmd"" placeholder=""Example: Miles, check ORION system health and produce an executive status report.""></textarea>"
"PROVIDERS\contracts\IDataProvider.js","48","not implemented","`${this.name}: refresh() not implemented.`"
"_LEGACY_BUILDS\EXEC_009_NAMECHEAP\EXEC_009_NAMECHEAP\src\DNS_CONTROLLER.ts","8","placeholder","// API call placeholder: namecheap.domains.dns.getHosts"
"_LEGACY_BUILDS\EXEC_009_NAMECHEAP\EXEC_009_NAMECHEAP\src\DNS_CONTROLLER.ts","14","placeholder","// API call placeholder: namecheap.domains.dns.setHosts"
"_LEGACY_BUILDS\EXEC_009_NAMECHEAP\EXEC_009_NAMECHEAP\src\DOMAIN_CONTROLLER.ts","8","placeholder","// API call placeholder: namecheap.domains.getList"
"_LEGACY_BUILDS\miles_build004_patch\APPLY_BUILD_004.ps1","154","placeholder","<section class=""grid""><div class=""card""><h2>Executive Chat</h2><div class=""chatrow""><input id=""msg"" placeholder=""Miles, what needs my attention?""><button onclick=""send()"">Send</button></div><br><div id=""resp"" class=""response"">Ask: Miles, what needs my attention?</div></div><div class=""card""><h2>CEO Summary</h2><div id=""summary"" class=""list""></div></div></section>"
"_LEGACY_BUILDS\miles_build004_patch\miles_build004_patch\APPLY_BUILD_004.ps1","154","placeholder","<section class=""grid""><div class=""card""><h2>Executive Chat</h2><div class=""chatrow""><input id=""msg"" placeholder=""Miles, what needs my attention?""><button onclick=""send()"">Send</button></div><br><div id=""resp"" class=""response"">Ask: Miles, what needs my attention?</div></div><div class=""card""><h2>CEO Summary</h2><div id=""summary"" class=""list""></div></div></section>"
"_LEGACY_BUILDS\miles_coo_runtime\miles_coo_runtime\operators\instantly.py","7","stub","# Replace this stub with Instantly API/browser connector."
"_LEGACY_BUILDS\miles_coo_runtime\miles_coo_runtime\operators\instantly.py","16","stub","return self.result(actions=actions, approvals=approvals, notes=[""Connector stub ready. Add Instantly credentials/API/browser session to execute live actions.""])"
"_LEGACY_BUILDS\miles_desktop_v2_starter\miles_desktop_v2\README.md","12","placeholder","- Engineering Dashboard placeholder"
"_LEGACY_BUILDS\miles_sprint_alpha_patch\miles_sprint_alpha_patch\APPLY_SPRINT_ALPHA.ps1","231","placeholder","<div class=""card wide""><h3>Executive Chat</h3><input id=""cmd"" placeholder=""Miles, what needs my attention?""/><button onclick=""sendCmd()"">Send</button><pre id=""chat""></pre></div>"
